{
  "type": "FeatureCollection", 
  "features": [
    {
      "geometry": {
        "type": "MultiPolygon", 
        "coordinates": [
          [
            [
              [
                35.37597409374984, 
                45.260852023525175
              ], 
              [
                35.375073000272934, 
                45.26080900598435
              ], 
              [
                35.37492824551635, 
                45.260856801128845
              ], 
              [
                35.3747830004887, 
                45.260947002297414
              ], 
              [
                35.37320900178101, 
                45.26301500367152
              ], 
              [
                35.37299599805483, 
                45.263230990854666
              ], 
              [
                35.37256799963675, 
                45.26351499259057
              ], 
              [
                35.371764998605414, 
                45.263975002846216
              ], 
              [
                35.37170600098254, 
                45.26402900932094
              ], 
              [
                35.37164699929658, 
                45.26408299669267
              ], 
              [
                35.37147699924163, 
                45.26433699543448
              ], 
              [
                35.3711270002033, 
                45.26485999525412
              ], 
              [
                35.37088199826489, 
                45.26513599084207
              ], 
              [
                35.370603998621355, 
                45.265312993517924
              ], 
              [
                35.37050200177162, 
                45.26534750732926
              ], 
              [
                35.370399238319045, 
                45.26537942209665
              ], 
              [
                35.36998681258241, 
                45.265499800036636
              ], 
              [
                35.3696933152975, 
                45.265739065398535
              ], 
              [
                35.36924336182386, 
                45.266097696171606
              ], 
              [
                35.36858940642785, 
                45.26647532330969
              ], 
              [
                35.368294362402246, 
                45.266645695189226
              ], 
              [
                35.36778936176147, 
                45.26696469117649
              ], 
              [
                35.3673953610461, 
                45.267273692514806
              ], 
              [
                35.36685985391535, 
                45.26780231490007
              ], 
              [
                35.36677760960166, 
                45.2678835165305
              ], 
              [
                35.36669468729197, 
                45.26796399196894
              ], 
              [
                35.3662893624172, 
                45.26835369896155
              ], 
              [
                35.3658868906292, 
                45.26909007655446
              ], 
              [
                35.36565536115606, 
                45.26951368732997
              ], 
              [
                35.36522022106094, 
                45.27002136728621
              ], 
              [
                35.36515399988313, 
                45.27009125574841
              ], 
              [
                35.365081640573706, 
                45.270155831399215
              ], 
              [
                35.36466036355877, 
                45.27053170432897
              ], 
              [
                35.36426536323369, 
                45.27075270280065
              ], 
              [
                35.363982360289405, 
                45.270929688956684
              ], 
              [
                35.36388536286491, 
                45.27115070676861
              ], 
              [
                35.36388635983757, 
                45.271265697236124
              ], 
              [
                35.36388736288203, 
                45.27138070684906
              ], 
              [
                35.36398735915411, 
                45.27156768832062
              ], 
              [
                35.36406236308353, 
                45.2716207020946
              ], 
              [
                35.36413965976759, 
                45.27166993190712
              ], 
              [
                35.36432436242718, 
                45.27178069900835
              ], 
              [
                35.36597971390342, 
                45.27217627694879
              ], 
              [
                35.36812544221282, 
                45.27012771929892
              ], 
              [
                35.369035999725035, 
                45.2692580034084
              ], 
              [
                35.369605316597166, 
                45.26875659280737
              ], 
              [
                35.371123999395195, 
                45.26741899145508
              ], 
              [
                35.37321100168241, 
                45.26537800790932
              ], 
              [
                35.37389699928518, 
                45.26488499193814
              ], 
              [
                35.37573800084216, 
                45.26349500295878
              ], 
              [
                35.37692799222568, 
                45.262673078359796
              ], 
              [
                35.37736099880213, 
                45.26237399906955
              ], 
              [
                35.37761078203187, 
                45.262234186747705
              ], 
              [
                35.37638699858457, 
                45.26095699704684
              ], 
              [
                35.3763165008446, 
                45.260910998269104
              ], 
              [
                35.37624600110572, 
                45.2608649994969
              ], 
              [
                35.37597409374984, 
                45.260852023525175
              ]
            ]
          ], 
          [
            [
              [
                35.45831500112057, 
                45.270450005254794
              ], 
              [
                35.45806399810491, 
                45.269593991112686
              ], 
              [
                35.45754200008486, 
                45.269663000397735
              ], 
              [
                35.4572170012961, 
                45.269745005078
              ], 
              [
                35.456681001527, 
                45.269954001471326
              ], 
              [
                35.45646899927362, 
                45.27005899659338
              ], 
              [
                35.45715622882451, 
                45.270998182487205
              ], 
              [
                35.45828543541016, 
                45.27254131592327
              ], 
              [
                35.45895700170025, 
                45.27345900797244
              ], 
              [
                35.4603337298124, 
                45.274831909497586
              ], 
              [
                35.461452000326005, 
                45.27594700621669
              ], 
              [
                35.46237638861242, 
                45.2769447441827
              ], 
              [
                35.46262399804519, 
                45.2772119955233
              ], 
              [
                35.46296300064032, 
                45.27758300200178
              ], 
              [
                35.464088384053994, 
                45.278442225565115
              ], 
              [
                35.46437099831479, 
                45.278657992099824
              ], 
              [
                35.46446100024992, 
                45.27835200117148
              ], 
              [
                35.46459037277731, 
                45.27764100464393
              ], 
              [
                35.46470100116841, 
                45.2770329997893
              ], 
              [
                35.46456522502464, 
                45.27695653580326
              ], 
              [
                35.46389805787007, 
                45.27584118770259
              ], 
              [
                35.46336199907131, 
                45.27494498995735
              ], 
              [
                35.462467001027115, 
                45.273920004815466
              ], 
              [
                35.46181800094673, 
                45.273069009127546
              ], 
              [
                35.46138599885343, 
                45.27261099462361
              ], 
              [
                35.460956001183646, 
                45.27228400554984
              ], 
              [
                35.46062000187849, 
                45.27226200880801
              ], 
              [
                35.46029574910436, 
                45.272246681800134
              ], 
              [
                35.46013299903958, 
                45.27223899918542
              ], 
              [
                35.45967300027297, 
                45.27202100027974
              ], 
              [
                35.45936499634692, 
                45.271736992248044
              ], 
              [
                35.45865500080114, 
                45.270907998067166
              ], 
              [
                35.45848296954523, 
                45.27067625917791
              ], 
              [
                35.45831500112057, 
                45.270450005254794
              ]
            ]
          ], 
          [
            [
              [
                36.54382851704921, 
                45.27783351232281
              ], 
              [
                36.54411332756323, 
                45.27774844811169
              ], 
              [
                36.544250076097796, 
                45.277777535444855
              ], 
              [
                36.544404144274445, 
                45.277868008149625
              ], 
              [
                36.54461378177646, 
                45.277875786433434
              ], 
              [
                36.54486877725211, 
                45.27785357914691
              ], 
              [
                36.54499108547956, 
                45.277759265082885
              ], 
              [
                36.54505131270803, 
                45.27764308777028
              ], 
              [
                36.545095990690236, 
                45.27749402004125
              ], 
              [
                36.545067789675315, 
                45.27736629962163
              ], 
              [
                36.54501116780384, 
                45.27721562665693
              ], 
              [
                36.54502069598912, 
                45.277043835851536
              ], 
              [
                36.54509260917917, 
                45.27689870526563
              ], 
              [
                36.54526493380572, 
                45.27674092311606
              ], 
              [
                36.54546359829104, 
                45.276572801873336
              ], 
              [
                36.54582200190861, 
                45.276261557034566
              ], 
              [
                36.546198234587244, 
                45.27591166967152
              ], 
              [
                36.54640502345049, 
                45.27565754859872
              ], 
              [
                36.54659774983358, 
                45.27539433079212
              ], 
              [
                36.54679690996114, 
                45.27512614427356
              ], 
              [
                36.546965666697176, 
                45.274911316171526
              ], 
              [
                36.54747289870103, 
                45.27439061509032
              ], 
              [
                36.5480220122442, 
                45.27389244666012
              ], 
              [
                36.54849446313574, 
                45.27346332706808
              ], 
              [
                36.54882501183816, 
                45.273138668812756
              ], 
              [
                36.54910664013856, 
                45.27278693053167
              ], 
              [
                36.549832488245976, 
                45.27187835602032
              ], 
              [
                36.55062159993947, 
                45.27068677017515
              ], 
              [
                36.551188253446, 
                45.269919544578215
              ], 
              [
                36.55211161193779, 
                45.26882617526613
              ], 
              [
                36.5534197320037, 
                45.26741358311529
              ], 
              [
                36.55393342688908, 
                45.26689027404432
              ], 
              [
                36.55439543504319, 
                45.26651148074544
              ], 
              [
                36.55470521595116, 
                45.26628746522844
              ], 
              [
                36.55493287291374, 
                45.26604458760744
              ], 
              [
                36.555253197531684, 
                45.26582739486936
              ], 
              [
                36.555479420325916, 
                45.265679229933404
              ], 
              [
                36.55622494118509, 
                45.26546677684184
              ], 
              [
                36.55640693010075, 
                45.26543251145813
              ], 
              [
                36.55725913948553, 
                45.26525350211064
              ], 
              [
                36.557958480513946, 
                45.26500305733786
              ], 
              [
                36.55878412864168, 
                45.26461528391864
              ], 
              [
                36.56008770696976, 
                45.263888680411085
              ], 
              [
                36.56069730309146, 
                45.26349809886725
              ], 
              [
                36.56111505535823, 
                45.26327548017806
              ], 
              [
                36.561402924838596, 
                45.26313310671715
              ], 
              [
                36.56170545265014, 
                45.263009346956984
              ], 
              [
                36.56197807290997, 
                45.262838881138904
              ], 
              [
                36.56225879490883, 
                45.26258241813373
              ], 
              [
                36.563030288891156, 
                45.261977189053276
              ], 
              [
                36.56484737994157, 
                45.26040566183112
              ], 
              [
                36.56618710097389, 
                45.259182445784155
              ], 
              [
                36.567387627089495, 
                45.258106497406786
              ], 
              [
                36.56884244153156, 
                45.25678439332096
              ], 
              [
                36.570705896331894, 
                45.25509700350938
              ], 
              [
                36.57226406996332, 
                45.253704928736724
              ], 
              [
                36.574027997348274, 
                45.25215397858386
              ], 
              [
                36.57491679074697, 
                45.25148782430092
              ], 
              [
                36.575506722100556, 
                45.25100252745711
              ], 
              [
                36.57594108924583, 
                45.25061736711792
              ], 
              [
                36.57630006106576, 
                45.25032030375099
              ], 
              [
                36.57657018714944, 
                45.250111776679375
              ], 
              [
                36.5768609406141, 
                45.2500169152447
              ], 
              [
                36.57711131302184, 
                45.249923334194804
              ], 
              [
                36.57731082901694, 
                45.249878961076796
              ], 
              [
                36.57741492714876, 
                45.24981853567627
              ], 
              [
                36.57728481867906, 
                45.24967972163588
              ], 
              [
                36.57687681918108, 
                45.249625812727594
              ], 
              [
                36.57619273103394, 
                45.24968537815416
              ], 
              [
                36.574094040383464, 
                45.25019891774394
              ], 
              [
                36.57132193801047, 
                45.25094309559592
              ], 
              [
                36.57011395849144, 
                45.25146676513793
              ], 
              [
                36.56922877241492, 
                45.251761230435854
              ], 
              [
                36.56711254899207, 
                45.25242761451257
              ], 
              [
                36.563857879686, 
                45.25365350357129
              ], 
              [
                36.562404713312134, 
                45.2543562383211
              ], 
              [
                36.560716934161896, 
                45.255190146285855
              ], 
              [
                36.55953487544241, 
                45.25578613446304
              ], 
              [
                36.55862337025884, 
                45.25629794317733
              ], 
              [
                36.557076390024406, 
                45.25728219556113
              ], 
              [
                36.55556009458003, 
                45.258272623089134
              ], 
              [
                36.554980560643095, 
                45.25871225547561
              ], 
              [
                36.55443293572707, 
                45.259015115757975
              ], 
              [
                36.553355643569304, 
                45.25958456559022
              ], 
              [
                36.55245652253966, 
                45.26009129600525
              ], 
              [
                36.5517672052928, 
                45.26055575488214
              ], 
              [
                36.551245082530116, 
                45.26094354331153
              ], 
              [
                36.55084888557725, 
                45.26124168507628
              ], 
              [
                36.55054787391728, 
                45.26144396907324
              ], 
              [
                36.550211809800075, 
                45.26173309109004
              ], 
              [
                36.54993201857808, 
                45.26211335118032
              ], 
              [
                36.5496663213013, 
                45.26255745982061
              ], 
              [
                36.549421264585185, 
                45.26300808566253
              ], 
              [
                36.54924955718054, 
                45.26349928372115
              ], 
              [
                36.54911766426788, 
                45.26381778021876
              ], 
              [
                36.549014419055794, 
                45.2642711403537
              ], 
              [
                36.548999692701415, 
                45.26452166109129
              ], 
              [
                36.5490118429035, 
                45.26487855166083
              ], 
              [
                36.549011663194044, 
                45.26520006878257
              ], 
              [
                36.548998278353565, 
                45.26547201315843
              ], 
              [
                36.54893960236841, 
                45.26566675067598
              ], 
              [
                36.548811570090855, 
                45.26588508996307
              ], 
              [
                36.54872037391352, 
                45.266045122706295
              ], 
              [
                36.54853975599827, 
                45.26639370154203
              ], 
              [
                36.548445574275895, 
                45.266668131155214
              ], 
              [
                36.54828159211073, 
                45.26695903440373
              ], 
              [
                36.547953940251816, 
                45.267383655695625
              ], 
              [
                36.54744107042847, 
                45.26792118384948
              ], 
              [
                36.546973353364784, 
                45.2683715866596
              ], 
              [
                36.54638100886352, 
                45.26893302382875
              ], 
              [
                36.54543308399995, 
                45.26963412389951
              ], 
              [
                36.54453773512756, 
                45.270204984580204
              ], 
              [
                36.54367654196835, 
                45.27067473030563
              ], 
              [
                36.54288215349037, 
                45.2712424392312
              ], 
              [
                36.54222163400942, 
                45.271706892492546
              ], 
              [
                36.54121286953307, 
                45.27262420032497
              ], 
              [
                36.54043389354351, 
                45.27311520047295
              ], 
              [
                36.53962974195892, 
                45.273635536712156
              ], 
              [
                36.5392838986613, 
                45.273932083009015
              ], 
              [
                36.53891362433874, 
                45.274486590990676
              ], 
              [
                36.53864589806936, 
                45.27517130386588
              ], 
              [
                36.538584763864684, 
                45.27570670248488
              ], 
              [
                36.538528810767275, 
                45.27610855294084
              ], 
              [
                36.53831184153335, 
                45.276524928326175
              ], 
              [
                36.53795087117332, 
                45.2770124743389
              ], 
              [
                36.53733842392413, 
                45.27801271865462
              ], 
              [
                36.537100418711326, 
                45.278525015686114
              ], 
              [
                36.53681668249791, 
                45.27895299426542
              ], 
              [
                36.53659919829204, 
                45.27929634832875
              ], 
              [
                36.53632123524109, 
                45.27960029509683
              ], 
              [
                36.53592915263836, 
                45.28002210190459
              ], 
              [
                36.535533807968015, 
                45.28039160130389
              ], 
              [
                36.53524969489989, 
                45.280705276645115
              ], 
              [
                36.534843536896865, 
                45.28111798763123
              ], 
              [
                36.534489109976526, 
                45.281386178342736
              ], 
              [
                36.53397276629734, 
                45.281654636802266
              ], 
              [
                36.53319006041391, 
                45.282088543433765
              ], 
              [
                36.53230484732555, 
                45.282501791031855
              ], 
              [
                36.53166407202341, 
                45.282831254207636
              ], 
              [
                36.531223787561274, 
                45.283021127104575
              ], 
              [
                36.53080110500026, 
                45.28327714510231
              ], 
              [
                36.5301450672851, 
                45.28357847674666
              ], 
              [
                36.52962017652766, 
                45.283818594299476
              ], 
              [
                36.529117845760496, 
                45.28409613246076
              ], 
              [
                36.52839774509568, 
                45.28456140398594
              ], 
              [
                36.52768844503443, 
                45.28498346470748
              ], 
              [
                36.52724906705671, 
                45.28529714380893
              ], 
              [
                36.52650563256565, 
                45.28603940212485
              ], 
              [
                36.52621106188972, 
                45.28634442449782
              ], 
              [
                36.525877751806775, 
                45.28668220456958
              ], 
              [
                36.525652412384275, 
                45.28699284629953
              ], 
              [
                36.52557528225514, 
                45.28724529305901
              ], 
              [
                36.52549373714074, 
                45.287426453191344
              ], 
              [
                36.525404870025, 
                45.28762567401183
              ], 
              [
                36.52529511796813, 
                45.28776006785489
              ], 
              [
                36.525185730108475, 
                45.28790038639157
              ], 
              [
                36.52518284051206, 
                45.28798979122831
              ], 
              [
                36.52521436444423, 
                45.28809005157245
              ], 
              [
                36.5252799279007, 
                45.28819518544605
              ], 
              [
                36.5253147681576, 
                45.28834892061518
              ], 
              [
                36.5254774172028, 
                45.28846412647358
              ], 
              [
                36.52558535883138, 
                45.28874495523251
              ], 
              [
                36.52568349798686, 
                45.28883124504158
              ], 
              [
                36.525864086760194, 
                45.28890950790849
              ], 
              [
                36.526119236032194, 
                45.288943297595665
              ], 
              [
                36.5262506237398, 
                45.28888565636642
              ], 
              [
                36.526269982995366, 
                45.28878979152953
              ], 
              [
                36.526333586785675, 
                45.28859133457512
              ], 
              [
                36.52643013001194, 
                45.288379958155566
              ], 
              [
                36.526566548147045, 
                45.288131600567596
              ], 
              [
                36.526760798420284, 
                45.287863615361736
              ], 
              [
                36.52688701839799, 
                45.28772276170945
              ], 
              [
                36.52700555760013, 
                45.28759406318018
              ], 
              [
                36.52704906364415, 
                45.28747958382981
              ], 
              [
                36.52705778943086, 
                45.287348324409756
              ], 
              [
                36.5271155509967, 
                45.28719172288333
              ], 
              [
                36.52723871365255, 
                45.286978932969475
              ], 
              [
                36.527486868222574, 
                45.286628290462104
              ], 
              [
                36.527874092902884, 
                45.286235239456325
              ], 
              [
                36.528309637905856, 
                45.28585975247
              ], 
              [
                36.52876951468665, 
                45.28555020102308
              ], 
              [
                36.52921213227216, 
                45.285288811137114
              ], 
              [
                36.52984066222498, 
                45.284978801472924
              ], 
              [
                36.5310131053758, 
                45.284409027260324
              ], 
              [
                36.53227189174507, 
                45.2838175049406
              ], 
              [
                36.53319953787252, 
                45.28332672041966
              ], 
              [
                36.53399573188875, 
                45.28289241104389
              ], 
              [
                36.53536538641425, 
                45.282240250334475
              ], 
              [
                36.5358445766151, 
                45.282025341798615
              ], 
              [
                36.536240949499984, 
                45.281889210824886
              ], 
              [
                36.53685452151136, 
                45.281665358326485
              ], 
              [
                36.53735627180328, 
                45.28148785120481
              ], 
              [
                36.537836629407714, 
                45.28129193985497
              ], 
              [
                36.538184004786935, 
                45.281019181580184
              ], 
              [
                36.53895430093568, 
                45.280495127707184
              ], 
              [
                36.53990107422128, 
                45.27987985600653
              ], 
              [
                36.54120842718372, 
                45.27909619538557
              ], 
              [
                36.542754012739216, 
                45.27823842281341
              ], 
              [
                36.54316669177969, 
                45.27803983754695
              ], 
              [
                36.54382851704921, 
                45.27783351232281
              ]
            ]
          ], 
          [
            [
              [
                36.52041524801074, 
                45.29079806549745
              ], 
              [
                36.520743923041614, 
                45.290656924086804
              ], 
              [
                36.52133686090005, 
                45.29042427499371
              ], 
              [
                36.52204471675553, 
                45.290140444438364
              ], 
              [
                36.52263690567481, 
                45.28989588896875
              ], 
              [
                36.522985358575454, 
                45.289801782169775
              ], 
              [
                36.52340705202664, 
                45.28980065457017
              ], 
              [
                36.52385000730979, 
                45.289870336409535
              ], 
              [
                36.52412108910071, 
                45.289970215008914
              ], 
              [
                36.52430138415289, 
                45.2899397506955
              ], 
              [
                36.524421040271235, 
                45.289828882784974
              ], 
              [
                36.52429506164457, 
                45.28970176983141
              ], 
              [
                36.52413031069186, 
                45.28962946969937
              ], 
              [
                36.52403364562541, 
                45.28956695484604
              ], 
              [
                36.52404858334187, 
                45.28939976445382
              ], 
              [
                36.52413345799136, 
                45.289272116511455
              ], 
              [
                36.524313887208585, 
                45.28918913294908
              ], 
              [
                36.524458796586984, 
                45.28907748167127
              ], 
              [
                36.52437565444281, 
                45.28896095691299
              ], 
              [
                36.52425300082773, 
                45.28888735731769
              ], 
              [
                36.524091192527436, 
                45.28886256929823
              ], 
              [
                36.5239367052351, 
                45.28881972062078
              ], 
              [
                36.52377926416851, 
                45.28872930266458
              ], 
              [
                36.52357094749209, 
                45.28863452723943
              ], 
              [
                36.52334510685714, 
                45.28866531634956
              ], 
              [
                36.523096589415616, 
                45.288738495442495
              ], 
              [
                36.52295535817472, 
                45.28890956524395
              ], 
              [
                36.52274824855371, 
                45.2891064934175
              ], 
              [
                36.52251698647669, 
                45.28932203661801
              ], 
              [
                36.52226962089617, 
                45.28954998352715
              ], 
              [
                36.5219490583808, 
                45.28982186873277
              ], 
              [
                36.52146741981748, 
                45.290080853617916
              ], 
              [
                36.52115816961665, 
                45.290263085357516
              ], 
              [
                36.52074530140221, 
                45.29040680672775
              ], 
              [
                36.52032401628105, 
                45.290550814830404
              ], 
              [
                36.520065962172744, 
                45.29060641133736
              ], 
              [
                36.51983827101151, 
                45.29060748160362
              ], 
              [
                36.51977271086913, 
                45.290502327955544
              ], 
              [
                36.51981075636707, 
                45.29043564656773
              ], 
              [
                36.51991142057899, 
                45.290426587532274
              ], 
              [
                36.52003439958142, 
                45.29036921364604
              ], 
              [
                36.52007097558464, 
                45.29027877621195
              ], 
              [
                36.52017053527341, 
                45.290251885795556
              ], 
              [
                36.5202166341433, 
                45.29017901220331
              ], 
              [
                36.520120709284406, 
                45.29012838484567
              ], 
              [
                36.519995521008354, 
                45.29015009593519
              ], 
              [
                36.51984839494893, 
                45.290226103870054
              ], 
              [
                36.519770825601185, 
                45.29033567228748
              ], 
              [
                36.51966873263948, 
                45.2904578928076
              ], 
              [
                36.519524179843586, 
                45.29057548828781
              ], 
              [
                36.51938546394105, 
                45.29065120962864
              ], 
              [
                36.519200242021086, 
                45.290656943198705
              ], 
              [
                36.51898681450257, 
                45.29061589083881
              ], 
              [
                36.51884037144791, 
                45.290566811486954
              ], 
              [
                36.518606795677265, 
                45.29047280008247
              ], 
              [
                36.51844057455051, 
                45.29037670550544
              ], 
              [
                36.518338436857945, 
                45.29036198935319
              ], 
              [
                36.5183161222871, 
                45.29041030420326
              ], 
              [
                36.518372526515606, 
                45.29050383779506
              ], 
              [
                36.518539114605495, 
                45.29060587620419
              ], 
              [
                36.518771955031056, 
                45.290688000038166
              ], 
              [
                36.51905274060838, 
                45.29072698832017
              ], 
              [
                36.519409296402664, 
                45.29076360672983
              ], 
              [
                36.51968713557043, 
                45.29075504459615
              ], 
              [
                36.519958765699265, 
                45.29078239373363
              ], 
              [
                36.52022271108431, 
                45.290821878934885
              ], 
              [
                36.52041524801074, 
                45.29079806549745
              ]
            ]
          ], 
          [
            [
              [
                35.36620944477529, 
                45.338162200249435
              ], 
              [
                35.366025997754754, 
                45.33813998945765
              ], 
              [
                35.365843996992126, 
                45.338165984876746
              ], 
              [
                35.36558599892913, 
                45.33825899497161
              ], 
              [
                35.36523600379836, 
                45.3385140178349
              ], 
              [
                35.36490500314967, 
                45.33885000909341
              ], 
              [
                35.36421400032883, 
                45.33981100154378
              ], 
              [
                35.36308399715208, 
                45.341335986627406
              ], 
              [
                35.36217999690846, 
                45.34290398548378
              ], 
              [
                35.361392998381824, 
                45.34471298770637
              ], 
              [
                35.360472998341834, 
                45.347226987518965
              ], 
              [
                35.36033800302248, 
                45.34741901419105
              ], 
              [
                35.360149998417185, 
                45.347580992568155
              ], 
              [
                35.359744004303046, 
                45.348040014508676
              ], 
              [
                35.35922700453695, 
                45.348623015606684
              ], 
              [
                35.359066016714266, 
                45.3489010596583
              ], 
              [
                35.35896199779776, 
                45.34923598965963
              ], 
              [
                35.358917000328674, 
                45.34958300054291
              ], 
              [
                35.358931001064654, 
                45.34985500499859
              ], 
              [
                35.358963003750375, 
                45.35015201191325
              ], 
              [
                35.35933500309015, 
                45.3505830145084
              ], 
              [
                35.3595450006172, 
                45.350712001897705
              ], 
              [
                35.35985099779191, 
                45.35080998493788
              ], 
              [
                35.360285000786114, 
                45.35086400369066
              ], 
              [
                35.36081399735917, 
                45.350892981906576
              ], 
              [
                35.36123799654134, 
                45.350879983761985
              ], 
              [
                35.361547996561036, 
                45.35080398285473
              ], 
              [
                35.36185297427658, 
                45.35069598360366
              ], 
              [
                35.36200400038516, 
                45.350617000807986
              ], 
              [
                35.36207900078573, 
                45.35051500368857
              ], 
              [
                35.36206800043356, 
                45.35036300203515
              ], 
              [
                35.36192787541686, 
                45.35018236634647
              ], 
              [
                35.36181899616085, 
                45.350041986670526
              ], 
              [
                35.36139999921104, 
                45.349437995295595
              ], 
              [
                35.36130100215104, 
                45.34927701009898
              ], 
              [
                35.36126399632985, 
                45.349122982768556
              ], 
              [
                35.36125999963635, 
                45.348949993597415
              ], 
              [
                35.3613170011203, 
                45.34873900425965
              ], 
              [
                35.36143400298016, 
                45.3485220129918
              ], 
              [
                35.36165499651085, 
                45.34830498361822
              ], 
              [
                35.362012996648325, 
                45.34802598426377
              ], 
              [
                35.362536001715085, 
                45.34778200335723
              ], 
              [
                35.36316599910483, 
                45.347643994797195
              ], 
              [
                35.363822211972625, 
                45.34753007087124
              ], 
              [
                35.366039997872235, 
                45.347144985316476
              ], 
              [
                35.366307003909085, 
                45.34707001735101
              ], 
              [
                35.366384002949886, 
                45.34699550815366
              ], 
              [
                35.36639099991953, 
                45.34690899492746
              ], 
              [
                35.366250002523785, 
                45.346786010847886
              ], 
              [
                35.365829913070414, 
                45.34658763841418
              ], 
              [
                35.365637999255775, 
                45.346496996505984
              ], 
              [
                35.36530700310619, 
                45.3464180145825
              ], 
              [
                35.36417800160158, 
                45.346261006519036
              ], 
              [
                35.3635690022526, 
                45.34614001057573
              ], 
              [
                35.362942002492964, 
                45.34595001070449
              ], 
              [
                35.36267899774063, 
                45.345814984696744
              ], 
              [
                35.36248600014043, 
                45.34567399496406
              ], 
              [
                35.362291001150815, 
                45.345476005403256
              ], 
              [
                35.36202399699785, 
                45.34511298020864
              ], 
              [
                35.361907998283364, 
                45.34491499093986
              ], 
              [
                35.36182300474663, 
                45.344550016591455
              ], 
              [
                35.361819998157785, 
                45.344426995045396
              ], 
              [
                35.361887004584304, 
                45.34429701582933
              ], 
              [
                35.36277450059066, 
                45.34291449846846
              ], 
              [
                35.363332003603766, 
                45.34204601222542
              ], 
              [
                35.36463699675381, 
                45.34015498375762
              ], 
              [
                35.365293220746146, 
                45.33949626458935
              ], 
              [
                35.36618200290727, 
                45.338604007955155
              ], 
              [
                35.36626599920707, 
                45.33848599627674
              ], 
              [
                35.36630699694059, 
                45.33836798463491
              ], 
              [
                35.36629600250923, 
                45.33825700708606
              ], 
              [
                35.36620944477529, 
                45.338162200249435
              ]
            ]
          ], 
          [
            [
              [
                35.04758299809576, 
                45.387838986253136
              ], 
              [
                35.04744699937227, 
                45.387817996028616
              ], 
              [
                35.0472068175213, 
                45.387863608667324
              ], 
              [
                35.046952000582216, 
                45.38801700175577
              ], 
              [
                35.046278002675194, 
                45.38852501166262
              ], 
              [
                35.04565499921989, 
                45.38923099630718
              ], 
              [
                35.04489500143725, 
                45.38990800106958
              ], 
              [
                35.043760001728295, 
                45.39091500344714
              ], 
              [
                35.04315800080856, 
                45.391464998093646
              ], 
              [
                35.042224245829836, 
                45.39215986212879
              ], 
              [
                35.04183798913345, 
                45.39253134383224
              ], 
              [
                35.04160600374721, 
                45.39275501300414
              ], 
              [
                35.04094099730073, 
                45.39345699095616
              ], 
              [
                35.04050600083915, 
                45.39406999923847
              ], 
              [
                35.04047900304802, 
                45.3942940134279
              ], 
              [
                35.04055299984826, 
                45.39448399928154
              ], 
              [
                35.04073399986492, 
                45.39465299462698
              ], 
              [
                35.04105080075506, 
                45.39473798937335
              ], 
              [
                35.04127999775501, 
                45.39473798937335
              ], 
              [
                35.041522000963475, 
                45.394677999827024
              ], 
              [
                35.04176800223185, 
                45.39449600483072
              ], 
              [
                35.04206500202038, 
                45.394120009563174
              ], 
              [
                35.04246000425432, 
                45.3936210154039
              ], 
              [
                35.04285599783826, 
                45.39314698876753
              ], 
              [
                35.04311800098234, 
                45.392795999916295
              ], 
              [
                35.04342099840772, 
                45.39244898772943
              ], 
              [
                35.043965437652425, 
                45.39195875135462
              ], 
              [
                35.04406400317684, 
                45.391870010303684
              ], 
              [
                35.04485999840352, 
                45.39121399244326
              ], 
              [
                35.04549141559881, 
                45.39058183363432
              ], 
              [
                35.04571300041623, 
                45.390360000970055
              ], 
              [
                35.04661200284978, 
                45.38948001248859
              ], 
              [
                35.0471812324005, 
                45.38890379242898
              ], 
              [
                35.04743399969428, 
                45.388578997552685
              ], 
              [
                35.047631001551515, 
                45.38826200261017
              ], 
              [
                35.04770500137699, 
                45.38804200651733
              ], 
              [
                35.04768600482756, 
                45.387937017116634
              ], 
              [
                35.04758299809576, 
                45.387838986253136
              ]
            ]
          ], 
          [
            [
              [
                35.04823100163507, 
                45.389196012471686
              ], 
              [
                35.048082998656255, 
                45.38915399363966
              ], 
              [
                35.047858002961, 
                45.3891830130145
              ], 
              [
                35.04766500201463, 
                45.389353000069136
              ], 
              [
                35.0471759977162, 
                45.389935988190345
              ], 
              [
                35.04660532477669, 
                45.390559734476504
              ], 
              [
                35.046347996551724, 
                45.39084098267846
              ], 
              [
                35.04600765659757, 
                45.39123314762869
              ], 
              [
                35.04572400198927, 
                45.39156000941524
              ], 
              [
                35.04528800205625, 
                45.39211000499914
              ], 
              [
                35.04452000010006, 
                45.393086999473475
              ], 
              [
                35.043688997415224, 
                45.39415698203225
              ], 
              [
                35.042989996213, 
                45.39501098207522
              ], 
              [
                35.04220499662838, 
                45.395987984041255
              ], 
              [
                35.04203168094462, 
                45.39619077927116
              ], 
              [
                35.04151100143069, 
                45.39680000677152
              ], 
              [
                35.041205002373964, 
                45.39733701023635
              ], 
              [
                35.04116099629846, 
                45.39754898247964
              ], 
              [
                35.041223003682354, 
                45.39771801742909
              ], 
              [
                35.041384001279624, 
                45.39784400032337
              ], 
              [
                35.04161099737433, 
                45.397949986572236
              ], 
              [
                35.0418190045059, 
                45.39797101559341
              ], 
              [
                35.04200800230541, 
                45.39794100144539
              ], 
              [
                35.04227199799254, 
                45.397741990498595
              ], 
              [
                35.04264899721632, 
                45.3971799810916
              ], 
              [
                35.04320000228255, 
                45.39639800980316
              ], 
              [
                35.04333872309213, 
                45.396188370503644
              ], 
              [
                35.043423266038666, 
                45.39612555138183
              ], 
              [
                35.04356785134298, 
                45.39585064615698
              ], 
              [
                35.04398399759804, 
                45.395293992364394
              ], 
              [
                35.044477996217815, 
                45.3946809820987
              ], 
              [
                35.04486700073412, 
                45.39412199774133
              ], 
              [
                35.04522500088193, 
                45.39350099844087
              ], 
              [
                35.04567800142105, 
                45.39285400099267
              ], 
              [
                35.046031001033555, 
                45.39225300015852
              ], 
              [
                35.046123997507685, 
                45.39211795766969
              ], 
              [
                35.046592489965526, 
                45.391437660836495
              ], 
              [
                35.04681399999262, 
                45.391115998964935
              ], 
              [
                35.047454004703056, 
                45.390338016526606
              ], 
              [
                35.04755432133529, 
                45.390251761053015
              ], 
              [
                35.04794599954567, 
                45.38991499784955
              ], 
              [
                35.04817300242318, 
                45.38967401046864
              ], 
              [
                35.048276997049726, 
                45.38950398503612
              ], 
              [
                35.04830500031674, 
                45.389385995765835
              ], 
              [
                35.04830299627682, 
                45.38925898337788
              ], 
              [
                35.04823100163507, 
                45.389196012471686
              ]
            ]
          ], 
          [
            [
              [
                35.04047517096669, 
                45.39520700930917
              ], 
              [
                35.040226001966694, 
                45.39520700930917
              ], 
              [
                35.039942000022144, 
                45.39521599437109
              ], 
              [
                35.03948000098726, 
                45.395266998939384
              ], 
              [
                35.03909700087341, 
                45.39536399940049
              ], 
              [
                35.03887499818445, 
                45.39560499040536
              ], 
              [
                35.038442003443286, 
                45.3963710162994
              ], 
              [
                35.03801300216005, 
                45.39705201022492
              ], 
              [
                35.03794510933424, 
                45.397139376049424
              ], 
              [
                35.037611998052604, 
                45.39756798504766
              ], 
              [
                35.03708500400163, 
                45.39800301794241
              ], 
              [
                35.036514181974724, 
                45.398612745412656
              ], 
              [
                35.03639599941859, 
                45.39873899624768
              ], 
              [
                35.03597142166395, 
                45.399418350344064
              ], 
              [
                35.03584600153529, 
                45.399619006267486
              ], 
              [
                35.03491500330743, 
                45.4011750109225
              ], 
              [
                35.03458518489001, 
                45.40162213021294
              ], 
              [
                35.034244000228746, 
                45.401936001082596
              ], 
              [
                35.03396300321885, 
                45.402135014237075
              ], 
              [
                35.03331399502883, 
                45.40236798020114
              ], 
              [
                35.03302000060847, 
                45.40249400288
              ], 
              [
                35.03295099607007, 
                45.40263398139629
              ], 
              [
                35.03295299774593, 
                45.402781989329334
              ], 
              [
                35.03303799944891, 
                45.40291699739116
              ], 
              [
                35.03317499994281, 
                45.40300199399519
              ], 
              [
                35.033441996844424, 
                45.40302298506226
              ], 
              [
                35.033737996887524, 
                45.4029839852664
              ], 
              [
                35.03422099810001, 
                45.40280198627233
              ], 
              [
                35.03470900094155, 
                45.40252699972308
              ], 
              [
                35.035177001193276, 
                45.402104005648376
              ], 
              [
                35.035362329186064, 
                45.40188885734783
              ], 
              [
                35.03564300500933, 
                45.40156301897831
              ], 
              [
                35.03573503780153, 
                45.40142625259312
              ], 
              [
                35.03583863842535, 
                45.4012723570134
              ], 
              [
                35.03606100278703, 
                45.40094200745876
              ], 
              [
                35.036279995337615, 
                45.400530982663646
              ], 
              [
                35.036528003115414, 
                45.40006600901321
              ], 
              [
                35.0368769983076, 
                45.399588991988615
              ], 
              [
                35.03717899952552, 
                45.3991989977539
              ], 
              [
                35.03760299895823, 
                45.39859500453553
              ], 
              [
                35.03787099935981, 
                45.39828599223586
              ], 
              [
                35.03816474431839, 
                45.39796635097408
              ], 
              [
                35.03827900277291, 
                45.397842012125615
              ], 
              [
                35.03867700499659, 
                45.39749101891788
              ], 
              [
                35.039235001780405, 
                45.397131002693804
              ], 
              [
                35.03958800147161, 
                45.39697500596567
              ], 
              [
                35.040078003311905, 
                45.39682600620971
              ], 
              [
                35.04057300202975, 
                45.39667000960735
              ], 
              [
                35.04095599789453, 
                45.39649199003389
              ], 
              [
                35.04115500179176, 
                45.39632700848079
              ], 
              [
                35.041346996571455, 
                45.396123983771474
              ], 
              [
                35.041403997627285, 
                45.39595498776886
              ], 
              [
                35.04140199948774, 
                45.39578599184175
              ], 
              [
                35.04134000033284, 
                45.39562900157531
              ], 
              [
                35.041237997093916, 
                45.39548998151065
              ], 
              [
                35.041117999286236, 
                45.39539699562133
              ], 
              [
                35.04097999699827, 
                45.39532098579128
              ], 
              [
                35.04084900095354, 
                45.39527900451344
              ], 
              [
                35.04064649692721, 
                45.39522455885584
              ], 
              [
                35.04047517096669, 
                45.39520700930917
              ]
            ]
          ], 
          [
            [
              [
                35.03572799856778, 
                45.42624398749258
              ], 
              [
                35.037090999242885, 
                45.42374999641783
              ], 
              [
                35.03713829810368, 
                45.42364622068406
              ], 
              [
                35.03772299639555, 
                45.42236298294634
              ], 
              [
                35.038668001161, 
                45.420519005493
              ], 
              [
                35.03922199725297, 
                45.41946198700266
              ], 
              [
                35.04011899759707, 
                45.41836298763076
              ], 
              [
                35.04089699943148, 
                45.41726299731004
              ], 
              [
                35.04068000031136, 
                45.41702700147297
              ], 
              [
                35.04056899947181, 
                45.41671399750069
              ], 
              [
                35.04064699849555, 
                45.416375987150325
              ], 
              [
                35.0409720021544, 
                45.41592800919317
              ], 
              [
                35.04149699821733, 
                45.41534398683382
              ], 
              [
                35.04207399789995, 
                45.41422798433192
              ], 
              [
                35.042383999784576, 
                45.41355999798062
              ], 
              [
                35.04223900013103, 
                45.41341600061982
              ], 
              [
                35.0420970038744, 
                45.41337401733165
              ], 
              [
                35.04191999660004, 
                45.41345798391265
              ], 
              [
                35.041654001357706, 
                45.41392400642389
              ], 
              [
                35.04140100045971, 
                45.41447300217483
              ], 
              [
                35.04128500119848, 
                45.41461699993886
              ], 
              [
                35.04104800119845, 
                45.41461699993886
              ], 
              [
                35.04092800500804, 
                45.414516017964246
              ], 
              [
                35.04096099901918, 
                45.41436399062741
              ], 
              [
                35.04143800370762, 
                45.41289201281132
              ], 
              [
                35.04187199696844, 
                45.41180098565518
              ], 
              [
                35.04215300027111, 
                45.41073600028269
              ], 
              [
                35.042512000304306, 
                45.40937499670799
              ], 
              [
                35.042678999428915, 
                45.40861399156551
              ], 
              [
                35.04269959373535, 
                45.4084781402837
              ], 
              [
                35.04281999719144, 
                45.40768398670963
              ], 
              [
                35.043044999778644, 
                45.406906008416556
              ], 
              [
                35.04338600196172, 
                45.405866004550845
              ], 
              [
                35.043459001755124, 
                45.40519000357328
              ], 
              [
                35.04373099612156, 
                45.404360986378435
              ], 
              [
                35.044155001308354, 
                45.403363009923495
              ], 
              [
                35.04459800007617, 
                45.40202700036021
              ], 
              [
                35.04505500099325, 
                45.40091099896793
              ], 
              [
                35.045377996900235, 
                45.400309985330644
              ], 
              [
                35.04541899633371, 
                45.399836982649454
              ], 
              [
                35.045368000971294, 
                45.39960000359639
              ], 
              [
                35.04497499835245, 
                45.39943999120263
              ], 
              [
                35.044643002361816, 
                45.399482011177135
              ], 
              [
                35.04429100080799, 
                45.39971099909112
              ], 
              [
                35.04415500229027, 
                45.40009101457117
              ], 
              [
                35.04377999779959, 
                45.40124998958651
              ], 
              [
                35.0434399959714, 
                45.40226398093471
              ], 
              [
                35.043190002617855, 
                45.40305101138864
              ], 
              [
                35.042601004467976, 
                45.404057016411684
              ], 
              [
                35.042209998881034, 
                45.4048859947044
              ], 
              [
                35.04193239568804, 
                45.40620706432662
              ], 
              [
                35.041699996290795, 
                45.40731298717927
              ], 
              [
                35.041213999696225, 
                45.40891899756241
              ], 
              [
                35.04116036145344, 
                45.40910597014565
              ], 
              [
                35.04062699994703, 
                45.410964995017
              ], 
              [
                35.04007799868579, 
                45.4131039937811
              ], 
              [
                35.03980199606605, 
                45.41454198038527
              ], 
              [
                35.03958299641392, 
                45.41580198203168
              ], 
              [
                35.0393295555161, 
                45.416615959173335
              ], 
              [
                35.03909600159711, 
                45.41736600655673
              ], 
              [
                35.03860499746225, 
                45.41859198699228
              ], 
              [
                35.03823500172501, 
                45.4193020044303
              ], 
              [
                35.037794998620626, 
                45.42000399347323
              ], 
              [
                35.03754799977446, 
                45.420925998932624
              ], 
              [
                35.037434999714876, 
                45.421331998650665
              ], 
              [
                35.03717795999766, 
                45.421388780525895
              ], 
              [
                35.03696099937284, 
                45.421365991300874
              ], 
              [
                35.036875997619276, 
                45.42119698400389
              ], 
              [
                35.03687200303449, 
                45.4209430143575
              ], 
              [
                35.037153999092574, 
                45.41991199570633
              ], 
              [
                35.03749200332087, 
                45.41868601098146
              ], 
              [
                35.03782500061859, 
                45.41716400292685
              ], 
              [
                35.03835422766259, 
                45.41506145859895
              ], 
              [
                35.03845300126826, 
                45.414669001269175
              ], 
              [
                35.03872999899821, 
                45.413358990527456
              ], 
              [
                35.03899999609122, 
                45.41156698150297
              ], 
              [
                35.03918299765298, 
                45.410280993625385
              ], 
              [
                35.03931000086613, 
                45.40925000409857
              ], 
              [
                35.03981000121693, 
                45.40771901049118
              ], 
              [
                35.03985459327137, 
                45.407611568551516
              ], 
              [
                35.04038200163821, 
                45.40634100302005
              ], 
              [
                35.04107099926602, 
                45.40480199179381
              ], 
              [
                35.04245374060531, 
                45.402195769666676
              ], 
              [
                35.04254700092052, 
                45.40202000335616
              ], 
              [
                35.043425002332064, 
                45.40045501003652
              ], 
              [
                35.04444099897297, 
                45.39862899513922
              ], 
              [
                35.045204999851265, 
                45.39738499456312
              ], 
              [
                35.04594799760909, 
                45.39628598295166
              ], 
              [
                35.04676399860614, 
                45.39498398867044
              ], 
              [
                35.04705400291498, 
                45.39452701279553
              ], 
              [
                35.04764700294171, 
                45.39380801865474
              ], 
              [
                35.04791419953637, 
                45.3934960280036
              ], 
              [
                35.04916800183037, 
                45.392032007662266
              ], 
              [
                35.04999599817943, 
                45.391130986650964
              ], 
              [
                35.05121499698255, 
                45.38988299618473
              ], 
              [
                35.05189100253479, 
                45.38906701199584
              ], 
              [
                35.05263000147284, 
                45.388204002237494
              ], 
              [
                35.053219001321786, 
                45.38752700052262
              ], 
              [
                35.053667000586614, 
                45.38699800177587
              ], 
              [
                35.05455900277721, 
                45.38604201314307
              ], 
              [
                35.05508906595253, 
                45.38549340277515
              ], 
              [
                35.05541700120602, 
                45.38515400570736
              ], 
              [
                35.05591099899694, 
                45.384485994252934
              ], 
              [
                35.056297124437066, 
                45.38404940933568
              ], 
              [
                35.05656900331859, 
                45.38374201470508
              ], 
              [
                35.057272998428374, 
                45.38289599256212
              ], 
              [
                35.057611005492824, 
                45.382506015529465
              ], 
              [
                35.05802499741603, 
                45.38205398677133
              ], 
              [
                35.05840299773303, 
                45.38159698827153
              ], 
              [
                35.05871599975302, 
                45.38114499883094
              ], 
              [
                35.05905200228966, 
                45.38060300983548
              ], 
              [
                35.05905000008315, 
                45.38047600039321
              ], 
              [
                35.059007000791745, 
                45.38037900374671
              ], 
              [
                35.05885799805157, 
                45.38034998504648
              ], 
              [
                35.05863400061317, 
                45.38039200290168
              ], 
              [
                35.05838200103312, 
                45.380604003889076
              ], 
              [
                35.05811349974741, 
                45.38083649780441
              ], 
              [
                35.05794674354765, 
                45.38081646378934
              ], 
              [
                35.0579160040373, 
                45.380731013374245
              ], 
              [
                35.057955996733234, 
                45.380645983539615
              ], 
              [
                35.05812241686429, 
                45.38048613209007
              ], 
              [
                35.0585410008974, 
                45.38008399951436
              ], 
              [
                35.05871499788152, 
                45.37985498524147
              ], 
              [
                35.05875500283475, 
                45.379741013415305
              ], 
              [
                35.05873600339921, 
                45.379657016086696
              ], 
              [
                35.05861526227825, 
                45.37956625158415
              ], 
              [
                35.058497002682294, 
                45.379530006961545
              ], 
              [
                35.058277001398764, 
                45.3795180018869
              ], 
              [
                35.0580710039675, 
                45.37957301877671
              ], 
              [
                35.05789599676125, 
                45.37974598367203
              ], 
              [
                35.057711002053765, 
                45.38006300971966
              ], 
              [
                35.05750800233069, 
                45.380385006297615
              ], 
              [
                35.05736299901745, 
                45.3805539953497
              ], 
              [
                35.05691300398211, 
                45.38096801884586
              ], 
              [
                35.05653400166162, 
                45.381421002131034
              ], 
              [
                35.05637900227694, 
                45.38170901077591
              ], 
              [
                35.05640000385322, 
                45.38190701923582
              ], 
              [
                35.056500996872245, 
                45.38196998892993
              ], 
              [
                35.05666699657234, 
                45.38195798377798
              ], 
              [
                35.056825003647575, 
                45.381843017262376
              ], 
              [
                35.05699000097705, 
                45.38178000935641
              ], 
              [
                35.0570445003726, 
                45.38186649229797
              ], 
              [
                35.05698700343867, 
                45.382004016273555
              ], 
              [
                35.056759004003226, 
                45.38220301894545
              ], 
              [
                35.05657999980587, 
                45.38251599434853
              ], 
              [
                35.056396002836316, 
                45.38284101342284
              ], 
              [
                35.0561639974106, 
                45.383212983012626
              ], 
              [
                35.05598899732469, 
                45.383373982606074
              ], 
              [
                35.055681998797716, 
                45.38346700377497
              ], 
              [
                35.05506099863766, 
                45.38348898781946
              ], 
              [
                35.05481200338858, 
                45.38351001603712
              ], 
              [
                35.05464199673076, 
                45.38359898452732
              ], 
              [
                35.05451999667949, 
                45.38375998428482
              ], 
              [
                35.05429500459582, 
                45.384174011285
              ], 
              [
                35.0537730037852, 
                45.384978017914214
              ], 
              [
                35.053218003042176, 
                45.385900014397464
              ], 
              [
                35.05290299947142, 
                45.386237997498114
              ], 
              [
                35.05263200359342, 
                45.38628001600648
              ], 
              [
                35.05243373009427, 
                45.38614314044585
              ], 
              [
                35.05230900146007, 
                45.38606900591008
              ], 
              [
                35.05203973816473, 
                45.38606999997802
              ], 
              [
                35.0518019994107, 
                45.38626399621066
              ], 
              [
                35.05132500051282, 
                45.38688200142677
              ], 
              [
                35.05065100272887, 
                45.38777001291509
              ], 
              [
                35.050503681350854, 
                45.38795448985902
              ], 
              [
                35.04960400116738, 
                45.3890810055249
              ], 
              [
                35.04945709509292, 
                45.38928930270683
              ], 
              [
                35.04875700284389, 
                45.39028200399386
              ], 
              [
                35.04766499874943, 
                45.39179598934819
              ], 
              [
                35.04685099760593, 
                45.39281098766885
              ], 
              [
                35.04590199862677, 
                45.39437499350037
              ], 
              [
                35.04452000141082, 
                45.39632100567709
              ], 
              [
                35.0439205938879, 
                45.397180325202136
              ], 
              [
                35.04381200440997, 
                45.39733601613879
              ], 
              [
                35.043612020566734, 
                45.39763000148353
              ], 
              [
                35.043173998161684, 
                45.398273986566366
              ], 
              [
                35.04232599978438, 
                45.39943299424647
              ], 
              [
                35.041803002762286, 
                45.40011800834051
              ], 
              [
                35.041397999991396, 
                45.400819999959
              ], 
              [
                35.040972997401205, 
                45.40177598770012
              ], 
              [
                35.04059200340005, 
                45.402427015091604
              ], 
              [
                35.03995299616121, 
                45.403289980831616
              ], 
              [
                35.03958099676876, 
                45.403821984706916
              ], 
              [
                35.03937400090169, 
                45.40422800426731
              ], 
              [
                35.039241997879095, 
                45.40493799469481
              ], 
              [
                35.03922000095698, 
                45.40591899879624
              ], 
              [
                35.039055000331956, 
                45.406738995838104
              ], 
              [
                35.03892700232608, 
                45.407361011008085
              ], 
              [
                35.03805499668, 
                45.4101719832883
              ], 
              [
                35.037742001170734, 
                45.41100900454022
              ], 
              [
                35.037200998471796, 
                45.412543988035715
              ], 
              [
                35.03695999932451, 
                45.413507996803105
              ], 
              [
                35.03656400203068, 
                45.41563400960915
              ], 
              [
                35.036432001489004, 
                45.41635300704585
              ], 
              [
                35.036102003911296, 
                45.41767201377579
              ], 
              [
                35.03585263297043, 
                45.4187903206642
              ], 
              [
                35.03575278747926, 
                45.41935018273128
              ], 
              [
                35.035735999618105, 
                45.4194469981928
              ], 
              [
                35.035712929267454, 
                45.419685404460886
              ], 
              [
                35.035576002200926, 
                45.421100015145505
              ], 
              [
                35.0354820015876, 
                45.421933007511775
              ], 
              [
                35.03539199812139, 
                45.42268998637957
              ], 
              [
                35.03519599935974, 
                45.42388199123912
              ], 
              [
                35.03511400293024, 
                45.42435100913256
              ], 
              [
                35.03498100178657, 
                45.42458800372127
              ], 
              [
                35.034734004506056, 
                45.4247440118571
              ], 
              [
                35.03444999623297, 
                45.42479498217625
              ], 
              [
                35.03388699800923, 
                45.42478699058038
              ], 
              [
                35.03354299734496, 
                45.42474898270561
              ], 
              [
                35.03338300014099, 
                45.42479199966677
              ], 
              [
                35.03326700187824, 
                45.424948007887004
              ], 
              [
                35.033181997559765, 
                45.42522698745356
              ], 
              [
                35.0330550026124, 
                45.42673201236036
              ], 
              [
                35.033034997624334, 
                45.42738698302828
              ], 
              [
                35.03295400141872, 
                45.427928006712214
              ], 
              [
                35.0327490037544, 
                45.428537017763226
              ], 
              [
                35.0326549991357, 
                45.42896799491067
              ], 
              [
                35.03261900169522, 
                45.429374003289034
              ], 
              [
                35.032635999869214, 
                45.42967799364965
              ], 
              [
                35.03271699960735, 
                45.429986993410935
              ], 
              [
                35.032850002193925, 
                45.43015600464856
              ], 
              [
                35.03307600083708, 
                45.430235998229065
              ], 
              [
                35.03337299962571, 
                45.430235998229065
              ], 
              [
                35.033561000046966, 
                45.43015099549087
              ], 
              [
                35.03369499842528, 
                45.429973992549634
              ], 
              [
                35.0338560000529, 
                45.42964400024997
              ], 
              [
                35.03399199663757, 
                45.42921298409172
              ], 
              [
                35.03451099920051, 
                45.42817299521725
              ], 
              [
                35.035587075463724, 
                45.426467370731395
              ], 
              [
                35.03572799856778, 
                45.42624398749258
              ]
            ]
          ], 
          [
            [
              [
                35.032659001014956, 
                45.43046500480181
              ], 
              [
                35.032411004771355, 
                45.42973301784302
              ], 
              [
                35.032358662746006, 
                45.429395913529504
              ], 
              [
                35.032293000856576, 
                45.42897300405259
              ], 
              [
                35.032242997801426, 
                45.4283389848661
              ], 
              [
                35.03197300103646, 
                45.427311999172375
              ], 
              [
                35.03191399958576, 
                45.42606499803987
              ], 
              [
                35.03179900145376, 
                45.42553200687871
              ], 
              [
                35.03155399832096, 
                45.425003987322945
              ], 
              [
                35.031509000041545, 
                45.424746000196485
              ], 
              [
                35.031475998870384, 
                45.424491989922714
              ], 
              [
                35.03152699717306, 
                45.424335981891154
              ], 
              [
                35.03161199834118, 
                45.424039987418496
              ], 
              [
                35.0317010035673, 
                45.42366801588002
              ], 
              [
                35.03169800445437, 
                45.42347801534575
              ], 
              [
                35.03160700106315, 
                45.42332999929855
              ], 
              [
                35.031427001537246, 
                45.42319100727405
              ], 
              [
                35.031169002583134, 
                45.42292900649125
              ], 
              [
                35.031016997802844, 
                45.4226959896024
              ], 
              [
                35.03095500185421, 
                45.42251501350633
              ], 
              [
                35.03094099801555, 
                45.42231598960909
              ], 
              [
                35.030878997530735, 
                45.42215898831488
              ], 
              [
                35.03075686922719, 
                45.422075096271676
              ], 
              [
                35.030522001373335, 
                45.42208400549871
              ], 
              [
                35.0302999990156, 
                45.42231598960909
              ], 
              [
                35.03024700433401, 
                45.422731014777035
              ], 
              [
                35.03036099970175, 
                45.423638993856216
              ], 
              [
                35.03067099981385, 
                45.424555999119036
              ], 
              [
                35.0306999965118, 
                45.425371983493996
              ], 
              [
                35.030834998083954, 
                45.426500981469815
              ], 
              [
                35.03100699998774, 
                45.42732499994184
              ], 
              [
                35.03122700189149, 
                45.42817001268103
              ], 
              [
                35.03166199839235, 
                45.42915899239336
              ], 
              [
                35.032039999594474, 
                45.42988199234992
              ], 
              [
                35.03207800159037, 
                45.43008400279303
              ], 
              [
                35.032032998028896, 
                45.430210990673864
              ], 
              [
                35.03187300277291, 
                45.43024100738788
              ], 
              [
                35.031723999597276, 
                45.430189998094406
              ], 
              [
                35.031532000000915, 
                45.42999999427268
              ], 
              [
                35.03128799744045, 
                45.429526992621014
              ], 
              [
                35.03105799897847, 
                45.4288169941665
              ], 
              [
                35.03050200052839, 
                45.42724099203647
              ], 
              [
                35.03033099762862, 
                45.42652598877883
              ], 
              [
                35.0302009977617, 
                45.42573198840834
              ], 
              [
                35.03000200393514, 
                45.42425201288912
              ], 
              [
                35.0299019982248, 
                45.42343698686703
              ], 
              [
                35.02984999959133, 
                45.42230799806575
              ], 
              [
                35.029810023081716, 
                45.42202240565422
              ], 
              [
                35.02974199949257, 
                45.42184299759846
              ], 
              [
                35.0297090014059, 
                45.42156000565325
              ], 
              [
                35.02974599967893, 
                45.421259998480416
              ], 
              [
                35.029865004013615, 
                45.42087101426151
              ], 
              [
                35.02986799982753, 
                45.420650999183486
              ], 
              [
                35.02985400139106, 
                45.420140001850555
              ], 
              [
                35.029909001588386, 
                45.41979300278422
              ], 
              [
                35.02997099715998, 
                45.419606980826615
              ], 
              [
                35.03006999612481, 
                45.41944998066002
              ], 
              [
                35.03024500059701, 
                45.41928999809274
              ], 
              [
                35.03058599794349, 
                45.41908199026737
              ], 
              [
                35.03082000347095, 
                45.418888015426205
              ], 
              [
                35.03091799812245, 
                45.418709985381795
              ], 
              [
                35.030986000144516, 
                45.418485994951276
              ], 
              [
                35.030983998778325, 
                45.41830398848566
              ], 
              [
                35.03095699823639, 
                45.41811399065333
              ], 
              [
                35.03089499859754, 
                45.417936993362524
              ], 
              [
                35.03077500486373, 
                45.4177760172855
              ], 
              [
                35.03063699606744, 
                45.417670981388156
              ], 
              [
                35.03042799617909, 
                45.41759898191665
              ], 
              [
                35.030249999106715, 
                45.41757799003932
              ], 
              [
                35.030061001214484, 
                45.41760800574769
              ], 
              [
                35.02994300243144, 
                45.41769201150725
              ], 
              [
                35.029898001702634, 
                45.41779800332522
              ], 
              [
                35.02993099688328, 
                45.418042985249315
              ], 
              [
                35.02999599930564, 
                45.41845299671371
              ], 
              [
                35.02996900179901, 
                45.418622002781326
              ], 
              [
                35.02991100124944, 
                45.41874000118021
              ], 
              [
                35.02982300039507, 
                45.41881200086946
              ], 
              [
                35.029621998582826, 
                45.41884599329258
              ], 
              [
                35.02942600049572, 
                45.41882500134589
              ], 
              [
                35.02914800308688, 
                45.41881700987651
              ], 
              [
                35.02891100292317, 
                45.41887600910183
              ], 
              [
                35.02871700430153, 
                45.418973015625234
              ], 
              [
                35.028618998463095, 
                45.419120991725904
              ], 
              [
                35.0285749992077, 
                45.41941300571552
              ], 
              [
                35.028576002944355, 
                45.42032200920194
              ], 
              [
                35.02862499940538, 
                45.42084199245294
              ], 
              [
                35.028750004034194, 
                45.421264013359455
              ], 
              [
                35.028992998148674, 
                45.42169999123831
              ], 
              [
                35.02901400094949, 
                45.42186899876069
              ], 
              [
                35.02892799660201, 
                45.42212698391882
              ], 
              [
                35.02869600021645, 
                45.42247800002429
              ], 
              [
                35.02839900177418, 
                45.42282400739618
              ], 
              [
                35.02828500182252, 
                45.42315800862489
              ], 
              [
                35.02822200387912, 
                45.42372101262492
              ], 
              [
                35.02830500386404, 
                45.424566017285734
              ], 
              [
                35.028526999201745, 
                45.42553399522227
              ], 
              [
                35.02908000397826, 
                45.426928017824785
              ], 
              [
                35.02953336583377, 
                45.427900322677026
              ], 
              [
                35.02988199651915, 
                45.42864798352943
              ], 
              [
                35.029973981162414, 
                45.42880800830493
              ], 
              [
                35.0307689983681, 
                45.43019099227846
              ], 
              [
                35.0311003514758, 
                45.43084876032575
              ], 
              [
                35.031157999770485, 
                45.43119699318259
              ], 
              [
                35.03110199685085, 
                45.43148798410043
              ], 
              [
                35.03084699756003, 
                45.431881988455636
              ], 
              [
                35.03043799825189, 
                45.43229599172897
              ], 
              [
                35.02984000361459, 
                45.43274001237041
              ], 
              [
                35.02909700494609, 
                45.43341701867028
              ], 
              [
                35.02869699876376, 
                45.434059994150594
              ], 
              [
                35.02824899798327, 
                45.43469398472658
              ], 
              [
                35.02791700084704, 
                45.43509999927606
              ], 
              [
                35.02736600279233, 
                45.4354930132115
              ], 
              [
                35.027367996103784, 
                45.435682981565535
              ], 
              [
                35.0275180020232, 
                45.435810009572286
              ], 
              [
                35.02785700024398, 
                45.43586499642294
              ], 
              [
                35.0282890019719, 
                45.4358430093294
              ], 
              [
                35.02870299627392, 
                45.43572898237098
              ], 
              [
                35.02911400161968, 
                45.4354750029317
              ], 
              [
                35.02952299601328, 
                45.43505698113815
              ], 
              [
                35.029874001601584, 
                45.434710006577056
              ], 
              [
                35.03048599875427, 
                45.43394000256821
              ], 
              [
                35.030903000853485, 
                45.43331400503789
              ], 
              [
                35.03129900370899, 
                45.43278601281643
              ], 
              [
                35.031703002788284, 
                45.43240500846047
              ], 
              [
                35.0320420018285, 
                45.43210900765061
              ], 
              [
                35.032329002690574, 
                45.43182600799806
              ], 
              [
                35.03248599715211, 
                45.431605986526165
              ], 
              [
                35.032581001780926, 
                45.43124700842553
              ], 
              [
                35.0326630005628, 
                45.43078199693131
              ], 
              [
                35.032659001014956, 
                45.43046500480181
              ]
            ]
          ], 
          [
            [
              [
                35.10330756343505, 
                45.49534410533603
              ], 
              [
                35.10369096329946, 
                45.49534112226621
              ], 
              [
                35.104069000148876, 
                45.49534999498674
              ], 
              [
                35.10444899635952, 
                45.49533198183454
              ], 
              [
                35.10469099769294, 
                45.49523499383679
              ], 
              [
                35.10478899759844, 
                45.49510798396134
              ], 
              [
                35.10486300093451, 
                45.49489599497588
              ], 
              [
                35.10487199740537, 
                45.49467215034138
              ], 
              [
                35.1048679978664, 
                45.494443984224404
              ], 
              [
                35.10481300372778, 
                45.49431701286188
              ], 
              [
                35.104662998687196, 
                45.49421199380963
              ], 
              [
                35.1045129994785, 
                45.494136002255985
              ], 
              [
                35.104275758640924, 
                45.49412934773718
              ], 
              [
                35.10404999699625, 
                45.49416598583645
              ], 
              [
                35.10366799723829, 
                45.494368986977655
              ], 
              [
                35.10323200130754, 
                45.494569005165346
              ], 
              [
                35.10306915260625, 
                45.494620214427904
              ], 
              [
                35.1028949940615, 
                45.494674980428194
              ], 
              [
                35.10250500159591, 
                45.494772006525174
              ], 
              [
                35.10231386851671, 
                45.49485798000545
              ], 
              [
                35.102229001856564, 
                45.494942003038844
              ], 
              [
                35.10223000185416, 
                45.49505600974289
              ], 
              [
                35.102273997046254, 
                45.49518298135622
              ], 
              [
                35.102392704468315, 
                45.49528685334664
              ], 
              [
                35.10257399940284, 
                45.49536399246866
              ], 
              [
                35.10284099740286, 
                45.49536399246866
              ], 
              [
                35.10300087120153, 
                45.49535718495007
              ], 
              [
                35.10330756343505, 
                45.49534410533603
              ]
            ]
          ], 
          [
            [
              [
                35.09779199768175, 
                45.51051798907054
              ], 
              [
                35.097601999302434, 
                45.51049699199665
              ], 
              [
                35.097488597935616, 
                45.510501275552606
              ], 
              [
                35.097231998100796, 
                45.51051099004578
              ], 
              [
                35.09689300333215, 
                45.510596010994924
              ], 
              [
                35.09655100353082, 
                45.51075201664644
              ], 
              [
                35.09635100180143, 
                45.51089700749304
              ], 
              [
                35.09620451592319, 
                45.51106024178179
              ], 
              [
                35.09607099515387, 
                45.511208980866634
              ], 
              [
                35.095880690173985, 
                45.511405795390864
              ], 
              [
                35.095778001040244, 
                45.51151200490417
              ], 
              [
                35.0956969989436, 
                45.51171199401934
              ], 
              [
                35.095617704831746, 
                45.511977116492005
              ], 
              [
                35.09556599894184, 
                45.51214998929631
              ], 
              [
                35.09551699904171, 
                45.51246399076722
              ], 
              [
                35.09559700315893, 
                45.51273301489274
              ], 
              [
                35.09579100179137, 
                45.51302800844508
              ], 
              [
                35.09608496856735, 
                45.513350730816946
              ], 
              [
                35.09616899596352, 
                45.51344298097021
              ], 
              [
                35.0964029982122, 
                45.51361199157137
              ], 
              [
                35.09657300123462, 
                45.51367200010603
              ], 
              [
                35.09675300220924, 
                45.51367100570065
              ], 
              [
                35.09702500274561, 
                45.51357401294353
              ], 
              [
                35.09723300170258, 
                45.513445008026096
              ], 
              [
                35.09731499909928, 
                45.51332499103944
              ], 
              [
                35.09732099709961, 
                45.5131969806121
              ], 
              [
                35.097200518224554, 
                45.512822472915424
              ], 
              [
                35.09716000039473, 
                45.512626001860816
              ], 
              [
                35.097157760482574, 
                45.51250349913177
              ], 
              [
                35.09715600082282, 
                45.51240700387894
              ], 
              [
                35.09725299931541, 
                45.51218299577223
              ], 
              [
                35.09742999958643, 
                45.5119639980502
              ], 
              [
                35.09768699202583, 
                45.51173979897844
              ], 
              [
                35.09805499757768, 
                45.51139898758009
              ], 
              [
                35.09817000469059, 
                45.51118901639872
              ], 
              [
                35.0982169963481, 
                45.5110039817834
              ], 
              [
                35.098214002411005, 
                45.510869011366324
              ], 
              [
                35.098140002596345, 
                45.51070501224003
              ], 
              [
                35.09798199697347, 
                45.51059199516018
              ], 
              [
                35.09779199768175, 
                45.51051798907054
              ]
            ]
          ], 
          [
            [
              [
                35.07736398463464, 
                45.53897787442046
              ], 
              [
                35.07722399702272, 
                45.53895798496362
              ], 
              [
                35.07710727637084, 
                45.53896326331936
              ], 
              [
                35.07688900011299, 
                45.53904599581806
              ], 
              [
                35.076527998921286, 
                45.539322994914265
              ], 
              [
                35.076271002299556, 
                45.5395840061264
              ], 
              [
                35.07610800266673, 
                45.53985301157215
              ], 
              [
                35.07605800247925, 
                45.54012301168817
              ], 
              [
                35.076070003980846, 
                45.54037101876714
              ], 
              [
                35.07617199695996, 
                45.54051292295355
              ], 
              [
                35.07632700217974, 
                45.540595005561556
              ], 
              [
                35.07655000087226, 
                45.54062399839763
              ], 
              [
                35.076835996967255, 
                45.5405779847024
              ], 
              [
                35.07702300175932, 
                45.540443003579476
              ], 
              [
                35.07717515820266, 
                45.54030412109801
              ], 
              [
                35.077308996253215, 
                45.54018199176508
              ], 
              [
                35.077491355504534, 
                45.53996603752124
              ], 
              [
                35.07761600327989, 
                45.53968701074803
              ], 
              [
                35.0776529983585, 
                45.53944198754705
              ], 
              [
                35.07765806814897, 
                45.53932291841628
              ], 
              [
                35.0775926256145, 
                45.53913706661112
              ], 
              [
                35.07751199894062, 
                45.539046990291126
              ], 
              [
                35.07736398463464, 
                45.53897787442046
              ]
            ]
          ], 
          [
            [
              [
                35.08112999626605, 
                45.540659990826484
              ], 
              [
                35.08095200417499, 
                45.540621014965836
              ], 
              [
                35.08080145959626, 
                45.54062147395535
              ], 
              [
                35.08064500221549, 
                45.5406220094431
              ], 
              [
                35.0804451460139, 
                45.54063076849291
              ], 
              [
                35.08018124009403, 
                45.54064231972921
              ], 
              [
                35.08002156464355, 
                45.540649319319606
              ], 
              [
                35.07989199700985, 
                45.54065498019062
              ], 
              [
                35.07954700382494, 
                45.540662018030375
              ], 
              [
                35.07945199831261, 
                45.54073698633165
              ], 
              [
                35.07938200357611, 
                45.54085701214345
              ], 
              [
                35.07935299958138, 
                45.54110199802662
              ], 
              [
                35.0793559994684, 
                45.5413029974938
              ], 
              [
                35.07939845525449, 
                45.541487243913295
              ], 
              [
                35.07951500288885, 
                45.5419930136171
              ], 
              [
                35.079589997721094, 
                45.542156988257595
              ], 
              [
                35.07966700453539, 
                45.54225601566467
              ], 
              [
                35.07976099938051, 
                45.54231499607955
              ], 
              [
                35.07992430785197, 
                45.54232046572941
              ], 
              [
                35.08005500288238, 
                45.54229900787278
              ], 
              [
                35.08013855830273, 
                45.542230312140475
              ], 
              [
                35.0802629990034, 
                45.54212799530211
              ], 
              [
                35.08053100179947, 
                45.54180700748187
              ], 
              [
                35.08086200096721, 
                45.54146800455903
              ], 
              [
                35.08112342067405, 
                45.5412165543224
              ], 
              [
                35.08121999892014, 
                45.54104799019589
              ], 
              [
                35.08126000297435, 
                45.54091901401994
              ], 
              [
                35.081258360049894, 
                45.54082882252135
              ], 
              [
                35.08121978042861, 
                45.54073327616538
              ], 
              [
                35.08112999626605, 
                45.540659990826484
              ]
            ]
          ], 
          [
            [
              [
                35.08309846267914, 
                45.541828427060885
              ], 
              [
                35.082913002840776, 
                45.54179901338929
              ], 
              [
                35.08263900142288, 
                45.54182100670658
              ], 
              [
                35.08241300293711, 
                45.541876009130064
              ], 
              [
                35.08228430889007, 
                45.54194998319508
              ], 
              [
                35.082100999246485, 
                45.542106996447934
              ], 
              [
                35.08201131481862, 
                45.54231342785829
              ], 
              [
                35.081941003150654, 
                45.54256201013657
              ], 
              [
                35.08192600187985, 
                45.54340900414686
              ], 
              [
                35.08189099927978, 
                45.54380400603179
              ], 
              [
                35.08186594019353, 
                45.544255732338414
              ], 
              [
                35.08185809588129, 
                45.5443970260138
              ], 
              [
                35.08184900057575, 
                45.544561001713525
              ], 
              [
                35.08191100133179, 
                45.54494101098992
              ], 
              [
                35.081992001878, 
                45.54502401256445
              ], 
              [
                35.08214000352704, 
                45.545038011910165
              ], 
              [
                35.082298997236464, 
                45.544986986975005
              ], 
              [
                35.082377711731766, 
                45.54490696887487
              ], 
              [
                35.08247599592849, 
                45.54480698452344
              ], 
              [
                35.08280599769194, 
                45.54436898912159
              ], 
              [
                35.08298900154992, 
                45.54399800730476
              ], 
              [
                35.083358997172574, 
                45.54280298096028
              ], 
              [
                35.08339260106307, 
                45.54263032343679
              ], 
              [
                35.083408996747494, 
                45.542545983669854
              ], 
              [
                35.083406345958586, 
                45.542341694091434
              ], 
              [
                35.08338099929645, 
                45.542120995683945
              ], 
              [
                35.083272998654415, 
                45.54196298794431
              ], 
              [
                35.08309846267914, 
                45.541828427060885
              ]
            ]
          ], 
          [
            [
              [
                35.08016700252372, 
                45.549284007181065
              ], 
              [
                35.07994400252372, 
                45.549284007181065
              ], 
              [
                35.079769003386666, 
                45.549345015961286
              ], 
              [
                35.07956799687661, 
                45.549440985279084
              ], 
              [
                35.079464996314854, 
                45.54954598163166
              ], 
              [
                35.07940400339451, 
                45.549666010285215
              ], 
              [
                35.079372998252175, 
                45.54984498233613
              ], 
              [
                35.07938499811043, 
                45.55007299109424
              ], 
              [
                35.0794758750189, 
                45.5504171273759
              ], 
              [
                35.07963896211415, 
                45.55100977539908
              ], 
              [
                35.0796684769906, 
                45.55128311138108
              ], 
              [
                35.07967533813405, 
                45.55147749905729
              ], 
              [
                35.07967699848618, 
                45.55156998815262
              ], 
              [
                35.079685488004166, 
                45.55247238916846
              ], 
              [
                35.079711608276554, 
                45.55258147916501
              ], 
              [
                35.07975099893448, 
                45.55274599397838
              ], 
              [
                35.07986199941781, 
                45.553044997256194
              ], 
              [
                35.08008600009202, 
                45.55335800043342
              ], 
              [
                35.080235002082404, 
                45.553453014525914
              ], 
              [
                35.08040400177491, 
                45.55348200836414
              ], 
              [
                35.08058000333046, 
                45.55344601469462
              ], 
              [
                35.08074600363898, 
                45.55331401243585
              ], 
              [
                35.08086900271472, 
                45.55311901179284
              ], 
              [
                35.081009997518606, 
                45.5527539883062
              ], 
              [
                35.081039002420944, 
                45.55249901140873
              ], 
              [
                35.0811109963693, 
                45.55178698188965
              ], 
              [
                35.08111573309538, 
                45.551356169311234
              ], 
              [
                35.08104780752484, 
                45.550693714185904
              ], 
              [
                35.081016002822885, 
                45.55039601330344
              ], 
              [
                35.080963429836764, 
                45.550139125517795
              ], 
              [
                35.080928001398, 
                45.54996600558842
              ], 
              [
                35.08081799847894, 
                45.54969699283114
              ], 
              [
                35.080671996830006, 
                45.54947598405997
              ], 
              [
                35.08049299850018, 
                45.5493569882184
              ], 
              [
                35.08034499903278, 
                45.54930699544126
              ], 
              [
                35.08016700252372, 
                45.549284007181065
              ]
            ]
          ], 
          [
            [
              [
                35.07606100115094, 
                45.54985301485165
              ], 
              [
                35.07581199667028, 
                45.549808989018686
              ], 
              [
                35.07561399650382, 
                45.5498099835205
              ], 
              [
                35.07544700066771, 
                45.549876003147055
              ], 
              [
                35.07535099693129, 
                45.54994198453522
              ], 
              [
                35.07524699618746, 
                45.550046981029205
              ], 
              [
                35.0752090027672, 
                45.55023601304325
              ], 
              [
                35.07517200060627, 
                45.55055899714392
              ], 
              [
                35.07510628782544, 
                45.550716167031
              ], 
              [
                35.07500099850455, 
                45.55087398723754
              ], 
              [
                35.07483499831503, 
                45.55104798734417
              ], 
              [
                35.07470303077373, 
                45.5511779997874
              ], 
              [
                35.074570001651, 
                45.551309006781935
              ], 
              [
                35.07444700362657, 
                45.551489012380166
              ], 
              [
                35.074375999994274, 
                45.551727999972925
              ], 
              [
                35.07430600160402, 
                45.5521020112739
              ], 
              [
                35.07428274720071, 
                45.55222399151879
              ], 
              [
                35.07422100235627, 
                45.55254801010585
              ], 
              [
                35.074192147622625, 
                45.55278206408087
              ], 
              [
                35.07417700038378, 
                45.55290500080859
              ], 
              [
                35.074218002337425, 
                45.553120006303494
              ], 
              [
                35.0744119978308, 
                45.55338798877562
              ], 
              [
                35.07454899708123, 
                45.55349298624278
              ], 
              [
                35.074718002654684, 
                45.553537012511974
              ], 
              [
                35.07492000400885, 
                45.553509013181184
              ], 
              [
                35.07537000172899, 
                45.55326600814882
              ], 
              [
                35.076159004932556, 
                45.55285301853451
              ], 
              [
                35.076240996604795, 
                45.552747982997744
              ], 
              [
                35.076280999421776, 
                45.55261999727451
              ], 
              [
                35.076249997398016, 
                45.552538983022984
              ], 
              [
                35.076071001899585, 
                45.552396003239735
              ], 
              [
                35.07578099848611, 
                45.552174992864344
              ], 
              [
                35.07568600018512, 
                45.552055996159005
              ], 
              [
                35.07567100247686, 
                45.55192801067402
              ], 
              [
                35.07573199728068, 
                45.55179298718262
              ], 
              [
                35.076228000673424, 
                45.55124700317379
              ], 
              [
                35.07641395088729, 
                45.550988470042014
              ], 
              [
                35.07647400172587, 
                45.550905008134315
              ], 
              [
                35.07654274828145, 
                45.55072676232631
              ], 
              [
                35.07657300170229, 
                45.55053700331006
              ], 
              [
                35.076562395527226, 
                45.55038660377153
              ], 
              [
                35.07650899858079, 
                45.55021700273722
              ], 
              [
                35.07639300156037, 
                45.55007700735444
              ], 
              [
                35.07625600356821, 
                45.54995701681833
              ], 
              [
                35.07606100115094, 
                45.54985301485165
              ]
            ]
          ], 
          [
            [
              [
                35.07465200213721, 
                45.5619400053588
              ], 
              [
                35.07483200115715, 
                45.56187000545267
              ], 
              [
                35.07498699915711, 
                45.56187000545267
              ], 
              [
                35.07507299887361, 
                45.561928988979254
              ], 
              [
                35.0750750026925, 
                45.562044507975415
              ], 
              [
                35.075012998617076, 
                45.56213898877055
              ], 
              [
                35.07486700192443, 
                45.56223499964364
              ], 
              [
                35.07462200223554, 
                45.562394010534675
              ], 
              [
                35.07445599992088, 
                45.56252899962694
              ], 
              [
                35.07441600109197, 
                45.562640005145646
              ], 
              [
                35.074468001109324, 
                45.56274500522745
              ], 
              [
                35.07457399864304, 
                45.56280398889302
              ], 
              [
                35.07470900344317, 
                45.56281301622529
              ], 
              [
                35.074825998797735, 
                45.56278199433441
              ], 
              [
                35.075063998775, 
                45.56265599422723
              ], 
              [
                35.07545899880952, 
                45.56237698867754
              ], 
              [
                35.07578021431911, 
                45.56215884121597
              ], 
              [
                35.07611633117437, 
                45.5619255081094
              ], 
              [
                35.07625800333043, 
                45.561827010981375
              ], 
              [
                35.07639188833702, 
                45.56168295658795
              ], 
              [
                35.07649399928755, 
                45.561346995642715
              ], 
              [
                35.07652400269068, 
                45.56114101267904
              ], 
              [
                35.07652899968255, 
                45.56094600792842
              ], 
              [
                35.07647700067056, 
                45.56083599744734
              ], 
              [
                35.07630699820132, 
                45.56076798681159
              ], 
              [
                35.07615192345933, 
                45.56076569173973
              ], 
              [
                35.075970003004, 
                45.56076301415592
              ], 
              [
                35.07532800411481, 
                45.560875013678206
              ], 
              [
                35.074894998064366, 
                45.56092198616551
              ], 
              [
                35.07461900164797, 
                45.560988007766014
              ], 
              [
                35.07422099789423, 
                45.561138985363534
              ], 
              [
                35.0739079993135, 
                45.561304995764516
              ], 
              [
                35.07351499990493, 
                45.56168299483926
              ], 
              [
                35.07312299645858, 
                45.56213298331038
              ], 
              [
                35.072493002167384, 
                45.56296900550125
              ], 
              [
                35.072356209768266, 
                45.56320910976996
              ], 
              [
                35.072263999289326, 
                45.563370989938
              ], 
              [
                35.07208999932701, 
                45.56374899111567
              ], 
              [
                35.07207200174029, 
                45.56392800820111
              ], 
              [
                35.07211600152422, 
                45.56404199775775
              ], 
              [
                35.072201645959936, 
                45.564097424236024
              ], 
              [
                35.07228600316206, 
                45.56415200918856
              ], 
              [
                35.072463997221284, 
                45.56421998219253
              ], 
              [
                35.07266599854559, 
                45.564224993146034
              ], 
              [
                35.07283399850238, 
                45.564182992942335
              ], 
              [
                35.07301999967856, 
                45.563978997485044
              ], 
              [
                35.07320199782531, 
                45.56356798503925
              ], 
              [
                35.073411345790554, 
                45.56319208787546
              ], 
              [
                35.07363193450263, 
                45.56279278123083
              ], 
              [
                35.07382499665567, 
                45.562545983239644
              ], 
              [
                35.07408599781246, 
                45.56229998869093
              ], 
              [
                35.07438891403959, 
                45.56208432761123
              ], 
              [
                35.07465200213721, 
                45.5619400053588
              ]
            ]
          ], 
          [
            [
              [
                35.0639980009525, 
                45.567217003489425
              ], 
              [
                35.06384399604013, 
                45.56711598033537
              ], 
              [
                35.06350700026037, 
                45.567098996513614
              ], 
              [
                35.06317638685268, 
                45.567155877018806
              ], 
              [
                35.06297799950693, 
                45.56718999767574
              ], 
              [
                35.06262499719372, 
                45.56719198677245
              ], 
              [
                35.06240555309255, 
                45.56715717758191
              ], 
              [
                35.06225300051126, 
                45.56713300240973
              ], 
              [
                35.06194000248009, 
                45.567062006976556
              ], 
              [
                35.061654393426956, 
                45.56710714415771
              ], 
              [
                35.06153799852429, 
                45.56717699204382
              ], 
              [
                35.061481996757045, 
                45.567374983713506
              ], 
              [
                35.06175899924338, 
                45.567821995433434
              ], 
              [
                35.061849002513505, 
                45.56812101084731
              ], 
              [
                35.06181100178334, 
                45.56836100369227
              ], 
              [
                35.06171599736188, 
                45.56870798756508
              ], 
              [
                35.06129200059002, 
                45.569534997067535
              ], 
              [
                35.06121200296824, 
                45.56982800827699
              ], 
              [
                35.061238000379895, 
                45.57034299707701
              ], 
              [
                35.061388004645586, 
                45.57076101718267
              ], 
              [
                35.06154266774856, 
                45.57098900052808
              ], 
              [
                35.06163899949591, 
                45.57113099291064
              ], 
              [
                35.06186799930581, 
                45.57124999572787
              ], 
              [
                35.062120997080676, 
                45.57123698995363
              ], 
              [
                35.062354004186446, 
                45.571099014018
              ], 
              [
                35.06246919742613, 
                45.57075436129516
              ], 
              [
                35.06254700387615, 
                45.570051018269034
              ], 
              [
                35.06278699858993, 
                45.56933899335366
              ], 
              [
                35.06302899741227, 
                45.56872198780312
              ], 
              [
                35.06348045781725, 
                45.56811274842505
              ], 
              [
                35.06364700387436, 
                45.56788801826091
              ], 
              [
                35.06389500310261, 
                45.56763601462335
              ], 
              [
                35.064060002487196, 
                45.567426011722766
              ], 
              [
                35.06405800079728, 
                45.56729499904443
              ], 
              [
                35.0639980009525, 
                45.567217003489425
              ]
            ]
          ], 
          [
            [
              [
                35.05618799829015, 
                45.57150399093954
              ], 
              [
                35.05642300139477, 
                45.57147300657459
              ], 
              [
                35.05669299881477, 
                45.571483984985115
              ], 
              [
                35.05697300339075, 
                45.571633015983416
              ], 
              [
                35.05722899713258, 
                45.571793981769595
              ], 
              [
                35.057455997286475, 
                45.57179298720893
              ], 
              [
                35.057563382444485, 
                45.57164663380865
              ], 
              [
                35.05755999674208, 
                45.57146998464285
              ], 
              [
                35.05753399662126, 
                45.57094298307309
              ], 
              [
                35.05752826440798, 
                45.57057794206744
              ], 
              [
                35.05760896389776, 
                45.570110500373595
              ], 
              [
                35.05762349330215, 
                45.56986461556836
              ], 
              [
                35.05763099576058, 
                45.569704989443366
              ], 
              [
                35.057526000517946, 
                45.569478001441375
              ], 
              [
                35.05735599649173, 
                45.56934098246188
              ], 
              [
                35.05723344662387, 
                45.56932614065475
              ], 
              [
                35.05701800328494, 
                45.56930001448537
              ], 
              [
                35.0567500044059, 
                45.56938401605552
              ], 
              [
                35.056457997182136, 
                45.56956498671594
              ], 
              [
                35.05596100371923, 
                45.570003011818606
              ], 
              [
                35.05559650009822, 
                45.57044394460515
              ], 
              [
                35.05528200120255, 
                45.57073500566893
              ], 
              [
                35.055176238606336, 
                45.57082160871582
              ], 
              [
                35.05496700360923, 
                45.57099301701442
              ], 
              [
                35.05472000055628, 
                45.571340997907974
              ], 
              [
                35.05465700222772, 
                45.57159200950152
              ], 
              [
                35.05471899817409, 
                45.57177198667825
              ], 
              [
                35.054838068058324, 
                45.571864786846426
              ], 
              [
                35.05493200160138, 
                45.57193800183474
              ], 
              [
                35.05514416124101, 
                45.57201316770767
              ], 
              [
                35.055380003195005, 
                45.572027015060996
              ], 
              [
                35.05554699938829, 
                45.57196699711625
              ], 
              [
                35.055879001554125, 
                45.57168400632592
              ], 
              [
                35.05618799829015, 
                45.57150399093954
              ]
            ]
          ], 
          [
            [
              [
                35.067051000827874, 
                45.56802400390143
              ], 
              [
                35.06682222866452, 
                45.56792649970575
              ], 
              [
                35.066518999638014, 
                45.56794799729398
              ], 
              [
                35.06621000203138, 
                45.56808700486063
              ], 
              [
                35.06587799972071, 
                45.568326997683606
              ], 
              [
                35.06538100246912, 
                45.568837011636695
              ], 
              [
                35.06521108953595, 
                45.569148918812814
              ], 
              [
                35.06497299726753, 
                45.56958598712167
              ], 
              [
                35.06486243246893, 
                45.56984158778381
              ], 
              [
                35.06473530955907, 
                45.57013544078298
              ], 
              [
                35.06452699948539, 
                45.57061699757441
              ], 
              [
                35.063942998833014, 
                45.57142599449988
              ], 
              [
                35.06361299772127, 
                45.57186398354727
              ], 
              [
                35.06351700123691, 
                45.57212100111638
              ], 
              [
                35.06351990453058, 
                45.57233563521323
              ], 
              [
                35.06368300233736, 
                45.57249201101554
              ], 
              [
                35.06389400134539, 
                45.572521006340345
              ], 
              [
                35.06412900346888, 
                45.57247801063526
              ], 
              [
                35.0644620044221, 
                45.57223801512741
              ], 
              [
                35.06470116799301, 
                45.571962751105204
              ], 
              [
                35.065097996980995, 
                45.57150598005935
              ], 
              [
                35.06534399919637, 
                45.57104963035073
              ], 
              [
                35.06554700074918, 
                45.57067299881785
              ], 
              [
                35.06607299977132, 
                45.569893993209234
              ], 
              [
                35.06636578580649, 
                45.56951124251356
              ], 
              [
                35.06650899968989, 
                45.56932399853831
              ], 
              [
                35.06679258847419, 
                45.56895023766
              ], 
              [
                35.06697095140589, 
                45.568578695774306
              ], 
              [
                35.067033003595846, 
                45.568443015946436
              ], 
              [
                35.06711300359569, 
                45.56816201694561
              ], 
              [
                35.067051000827874, 
                45.56802400390143
              ]
            ]
          ], 
          [
            [
              [
                35.061295997110804, 
                45.57474298067017
              ], 
              [
                35.06100000377895, 
                45.5747020120971
              ], 
              [
                35.06069807264416, 
                45.57475445646176
              ], 
              [
                35.0605830028537, 
                45.574906013449336
              ], 
              [
                35.060520004776706, 
                45.57519401779954
              ], 
              [
                35.060446252105464, 
                45.57544197178374
              ], 
              [
                35.06046099831251, 
                45.57568399675974
              ], 
              [
                35.06059100207163, 
                45.575893009763256
              ], 
              [
                35.060891000231834, 
                45.57620400480534
              ], 
              [
                35.06110200216861, 
                45.57675901493261
              ], 
              [
                35.06124700037068, 
                45.576860997034075
              ], 
              [
                35.061500000521974, 
                45.576860002459824
              ], 
              [
                35.061624299506995, 
                45.576733041251096
              ], 
              [
                35.06172000380177, 
                45.57642801320389
              ], 
              [
                35.061883003813975, 
                45.57611701797394
              ], 
              [
                35.06198599854027, 
                45.575727987407724
              ], 
              [
                35.062040999929984, 
                45.57545799966964
              ], 
              [
                35.06202412306707, 
                45.57530693974154
              ], 
              [
                35.06179699926101, 
                45.57502199551696
              ], 
              [
                35.06150799644355, 
                45.574819983238534
              ], 
              [
                35.061295997110804, 
                45.57474298067017
              ]
            ]
          ], 
          [
            [
              [
                35.06103500062515, 
                45.57726200194588
              ], 
              [
                35.06086600197066, 
                45.57719100457416
              ], 
              [
                35.06057671672098, 
                45.57720619097205
              ], 
              [
                35.060428998323026, 
                45.57726399109656
              ], 
              [
                35.06013900184559, 
                45.57756400869777
              ], 
              [
                35.059823999781344, 
                45.57783399796934
              ], 
              [
                35.059408003251235, 
                45.57813501060951
              ], 
              [
                35.05910560530687, 
                45.57831208373312
              ], 
              [
                35.05882399940436, 
                45.57847699247971
              ], 
              [
                35.05859200399362, 
                45.57870501882151
              ], 
              [
                35.05855299784741, 
                45.57891498985479
              ], 
              [
                35.05864300463203, 
                45.57925601611696
              ], 
              [
                35.05879200065473, 
                45.57958399837274
              ], 
              [
                35.0589504942291, 
                45.579939829228536
              ], 
              [
                35.05909799726395, 
                45.580270987105685
              ], 
              [
                35.05926899647382, 
                45.58041998338232
              ], 
              [
                35.05954800006603, 
                45.58043100031093
              ], 
              [
                35.059840998403004, 
                45.5803769867613
              ], 
              [
                35.06021699740615, 
                45.5801659820635
              ], 
              [
                35.06032300119027, 
                45.579956010321574
              ], 
              [
                35.06036000033246, 
                45.57966899685399
              ], 
              [
                35.06033699914334, 
                45.57930999125014
              ], 
              [
                35.06047400292465, 
                45.578939012782556
              ], 
              [
                35.06065200028252, 
                45.57853200033125
              ], 
              [
                35.06104600270189, 
                45.577902011733
              ], 
              [
                35.061096904895884, 
                45.577701604509116
              ], 
              [
                35.06112500323954, 
                45.577591015266655
              ], 
              [
                35.06112199736623, 
                45.57741099701313
              ], 
              [
                35.06103500062515, 
                45.57726200194588
              ]
            ]
          ], 
          [
            [
              [
                35.059535997588824, 
                45.583727983925534
              ], 
              [
                35.05973756195914, 
                45.58314698923195
              ], 
              [
                35.05985600319418, 
                45.582506014052015
              ], 
              [
                35.05988499702205, 
                45.58220098125418
              ], 
              [
                35.05985900091285, 
                45.58191400430143
              ], 
              [
                35.05974200433067, 
                45.58171401569527
              ], 
              [
                35.05947400154188, 
                45.58153200626575
              ], 
              [
                35.059168997118945, 
                45.58146498642267
              ], 
              [
                35.05895900345659, 
                45.5814950152892
              ], 
              [
                35.058584000406604, 
                45.581745000916015
              ], 
              [
                35.05816700396933, 
                45.581961017705936
              ], 
              [
                35.05802018848376, 
                45.582023561992145
              ], 
              [
                35.05770699805593, 
                45.58215698983804
              ], 
              [
                35.05734800130923, 
                45.582374001457175
              ], 
              [
                35.05700200050565, 
                45.58259300238272
              ], 
              [
                35.05664799787746, 
                45.58277998528413
              ], 
              [
                35.056419000286105, 
                45.58295400034811
              ], 
              [
                35.056366002541886, 
                45.58306501197924
              ], 
              [
                35.05636799702901, 
                45.58316898499812
              ], 
              [
                35.05643299783606, 
                45.583267985088874
              ], 
              [
                35.056569002431026, 
                45.583348011456685
              ], 
              [
                35.05673000163966, 
                45.58339200301423
              ], 
              [
                35.05696199721746, 
                45.58340998217403
              ], 
              [
                35.057157302138044, 
                45.58337681636292
              ], 
              [
                35.05726800007215, 
                45.583357995627125
              ], 
              [
                35.057954996650395, 
                45.583154984214644
              ], 
              [
                35.05845700245195, 
                45.58295901155473
              ], 
              [
                35.058799999040545, 
                45.58279398605346
              ], 
              [
                35.05897699940283, 
                45.58278400189824
              ], 
              [
                35.05912499771051, 
                45.5828649844984
              ], 
              [
                35.05916999714169, 
                45.58301398181798
              ], 
              [
                35.059178003240554, 
                45.58323501055805
              ], 
              [
                35.059095999535295, 
                45.58337000723479
              ], 
              [
                35.05895100279794, 
                45.58347501318487
              ], 
              [
                35.058739999905164, 
                45.58350599855285
              ], 
              [
                35.058344998545365, 
                45.58350699314497
              ], 
              [
                35.05785999599685, 
                45.583487981134844
              ], 
              [
                35.057659001178756, 
                45.58353300555475
              ], 
              [
                35.05740270444959, 
                45.583663335405895
              ], 
              [
                35.05716999986575, 
                45.58378899836716
              ], 
              [
                35.05703174684271, 
                45.58397024383352
              ], 
              [
                35.05697799686486, 
                45.58410998422513
              ], 
              [
                35.056947996483316, 
                45.5843579824274
              ], 
              [
                35.05706799870887, 
                45.58474598920277
              ], 
              [
                35.05716700243729, 
                45.58482701048549
              ], 
              [
                35.057363300504086, 
                45.58488599766279
              ], 
              [
                35.05753399950406, 
                45.58488599766279
              ], 
              [
                35.057763998344065, 
                45.58480398177158
              ], 
              [
                35.05812700036566, 
                45.58460299701052
              ], 
              [
                35.05856699541641, 
                45.584448987825056
              ], 
              [
                35.05867506961861, 
                45.584417199051835
              ], 
              [
                35.05912399983456, 
                45.584284994507954
              ], 
              [
                35.059299003172214, 
                45.584168014948006
              ], 
              [
                35.05943099864624, 
                45.584002988908246
              ], 
              [
                35.059535997588824, 
                45.583727983925534
              ]
            ]
          ], 
          [
            [
              [
                35.05643300214787, 
                45.585529004409096
              ], 
              [
                35.0564119989862, 
                45.58530499050964
              ], 
              [
                35.056335998445334, 
                45.58505699167341
              ], 
              [
                35.05618499999688, 
                45.584829994272425
              ], 
              [
                35.056033996894136, 
                45.584590985362865
              ], 
              [
                35.05583931167367, 
                45.58440836246192
              ], 
              [
                35.055675000244754, 
                45.584305001153204
              ], 
              [
                35.05550599877856, 
                45.58425500366893
              ], 
              [
                35.05526200307265, 
                45.584253014480694
              ], 
              [
                35.05479200124032, 
                45.584397001132366
              ], 
              [
                35.05456772450134, 
                45.584467770362636
              ], 
              [
                35.05436099947814, 
                45.584532992827384
              ], 
              [
                35.05403300257052, 
                45.58459400740156
              ], 
              [
                35.05359200120086, 
                45.584651999946594
              ], 
              [
                35.05337752147394, 
                45.58472208065956
              ], 
              [
                35.05312400273969, 
                45.58486300719892
              ], 
              [
                35.05277999869878, 
                45.585177988154136
              ], 
              [
                35.05248000005131, 
                45.58537400024155
              ], 
              [
                35.052299765854514, 
                45.585441250314176
              ], 
              [
                35.05206800242336, 
                45.58545001042124
              ], 
              [
                35.05169299711062, 
                45.585426981668626
              ], 
              [
                35.051378000234116, 
                45.58548799639005
              ], 
              [
                35.0513170006239, 
                45.58559300294043
              ], 
              [
                35.05129399932884, 
                45.585756996836594
              ], 
              [
                35.05135099953668, 
                45.585870993102944
              ], 
              [
                35.05147157613461, 
                45.58594344578172
              ], 
              [
                35.05155900159102, 
                45.58599600649848
              ], 
              [
                35.05166365343266, 
                45.586072590612886
              ], 
              [
                35.051793999283014, 
                45.586167995620755
              ], 
              [
                35.052563000022346, 
                45.58680300953091
              ], 
              [
                35.052744602241525, 
                45.586982075999614
              ], 
              [
                35.05305236612241, 
                45.58728558257687
              ], 
              [
                35.05324700168071, 
                45.587420006920574
              ], 
              [
                35.05350900327105, 
                45.587476010702545
              ], 
              [
                35.05374900248325, 
                45.587476010702545
              ], 
              [
                35.05397999907773, 
                45.587414995653624
              ], 
              [
                35.05425000252119, 
                45.58723501088135
              ], 
              [
                35.054644997273044, 
                45.5868779871488
              ], 
              [
                35.05501000249171, 
                45.58659800702973
              ], 
              [
                35.05533999768987, 
                45.58641798440065
              ], 
              [
                35.05546521053357, 
                45.58635834666414
              ], 
              [
                35.0558459978739, 
                45.586176985267905
              ], 
              [
                35.05618800267131, 
                45.58599401730092
              ], 
              [
                35.056308874572366, 
                45.585860702834516
              ], 
              [
                35.05637912194793, 
                45.585732973466804
              ], 
              [
                35.05643300214787, 
                45.585529004409096
              ]
            ]
          ], 
          [
            [
              [
                35.0392110049925, 
                45.587836018822756
              ], 
              [
                35.039504998914026, 
                45.58779099387985
              ], 
              [
                35.039868000049886, 
                45.58780400023493
              ], 
              [
                35.040373000253325, 
                45.58781800119414
              ], 
              [
                35.04070999835391, 
                45.587777987525236
              ], 
              [
                35.040940003005076, 
                45.58768801416692
              ], 
              [
                35.04118302893197, 
                45.587495826250354
              ], 
              [
                35.04153300350631, 
                45.58715601652966
              ], 
              [
                35.04171000324699, 
                45.586902010592844
              ], 
              [
                35.04179999865828, 
                45.58672799367436
              ], 
              [
                35.04185499959178, 
                45.58650600650394
              ], 
              [
                35.04185300360402, 
                45.58634201227615
              ], 
              [
                35.04179099813766, 
                45.58616899021999
              ], 
              [
                35.04165072803293, 
                45.586079476298295
              ], 
              [
                35.04151500318598, 
                45.586044015019894
              ], 
              [
                35.041291997480606, 
                45.5860349871222
              ], 
              [
                35.041060003776856, 
                45.58607201680579
              ], 
              [
                35.040390004079185, 
                45.58629201451694
              ], 
              [
                35.03994900573575, 
                45.586446024468636
              ], 
              [
                35.03978300488232, 
                45.58650401730362
              ], 
              [
                35.03939400377036, 
                45.58667501206119
              ], 
              [
                35.03898145151122, 
                45.58683663469543
              ], 
              [
                35.03867400283578, 
                45.58694401336977
              ], 
              [
                35.03843100306899, 
                45.58704301446938
              ], 
              [
                35.03830699759714, 
                45.58713298767098
              ], 
              [
                35.03824500127579, 
                45.58722900501481
              ], 
              [
                35.03823899963488, 
                45.58735799727844
              ], 
              [
                35.03831300048286, 
                45.58751300227628
              ], 
              [
                35.03840610621971, 
                45.58764582003578
              ], 
              [
                35.03852399671784, 
                45.587813984525454
              ], 
              [
                35.03866500033981, 
                45.587889000602
              ], 
              [
                35.03883300039157, 
                45.58791799713132
              ], 
              [
                35.03898099914485, 
                45.5879119912537
              ], 
              [
                35.0392110049925, 
                45.587836018822756
              ]
            ]
          ], 
          [
            [
              [
                35.02840800058272, 
                45.58531000174807
              ], 
              [
                35.02828099659631, 
                45.585270982946945
              ], 
              [
                35.02810000334957, 
                45.5852720157975
              ], 
              [
                35.02791100238704, 
                45.58528701125786
              ], 
              [
                35.02759700361824, 
                45.585393012348455
              ], 
              [
                35.027286850934864, 
                45.58557961412542
              ], 
              [
                35.027057999939956, 
                45.58569999871656
              ], 
              [
                35.02681699929852, 
                45.5858649872585
              ], 
              [
                35.02671500327921, 
                45.58605101546619
              ], 
              [
                35.02629373923129, 
                45.586624363941326
              ], 
              [
                35.02612900326317, 
                45.586809015390564
              ], 
              [
                35.026026002834755, 
                45.58694401336977
              ], 
              [
                35.02603700187943, 
                45.58710800786409
              ], 
              [
                35.026240004768056, 
                45.587404016771266
              ], 
              [
                35.02631619513693, 
                45.58751239021296
              ], 
              [
                35.02640799771905, 
                45.58764298924202
              ], 
              [
                35.02647003608788, 
                45.58774505084689
              ], 
              [
                35.02654599674551, 
                45.587869988367
              ], 
              [
                35.02667400114915, 
                45.587959005419414
              ], 
              [
                35.026915000721715, 
                45.58800900340368
              ], 
              [
                35.02714894607331, 
                45.5879947729132
              ], 
              [
                35.02727700155849, 
                45.58798700735009
              ], 
              [
                35.02760799805135, 
                45.58789098980974
              ], 
              [
                35.027851107506024, 
                45.58770358353478
              ], 
              [
                35.027972997261514, 
                45.58751598608485
              ], 
              [
                35.02802000126797, 
                45.58733600126353
              ], 
              [
                35.02814300042404, 
                45.58710200199958
              ], 
              [
                35.02828000429535, 
                45.586973009825115
              ], 
              [
                35.02841200228356, 
                45.586818005053296
              ], 
              [
                35.02845100221836, 
                45.586662005745744
              ], 
              [
                35.02844900092889, 
                45.58654200338052
              ], 
              [
                35.028432002667394, 
                45.586258006863616
              ], 
              [
                35.028429002630304, 
                45.58607301140479
              ], 
              [
                35.02848699890363, 
                45.58573699011292
              ], 
              [
                35.02852499857842, 
                45.585509992295236
              ], 
              [
                35.02850235277043, 
                45.5854007013497
              ], 
              [
                35.02840800058272, 
                45.58531000174807
              ]
            ]
          ], 
          [
            [
              [
                35.04886400078812, 
                45.58777500371451
              ], 
              [
                35.04871600172992, 
                45.58776000815342
              ], 
              [
                35.04859000064318, 
                45.58777599831809
              ], 
              [
                35.04841584627827, 
                45.58785438073817
              ], 
              [
                35.04816000301175, 
                45.5880070141953
              ], 
              [
                35.047993996436965, 
                45.58811198320583
              ], 
              [
                35.04778500470789, 
                45.588212017476444
              ], 
              [
                35.04751599901976, 
                45.588286995379576
              ], 
              [
                35.047170838856296, 
                45.588351415181954
              ], 
              [
                35.04699100047379, 
                45.588385002233004
              ], 
              [
                35.04663634180591, 
                45.58844938379838
              ], 
              [
                35.04637400335438, 
                45.588497010097264
              ], 
              [
                35.04607199625699, 
                45.58855798707036
              ], 
              [
                35.04584005408058, 
                45.588645856665984
              ], 
              [
                35.04575500374042, 
                45.58874401663071
              ], 
              [
                35.045735994998125, 
                45.588848985850184
              ], 
              [
                35.045755000943025, 
                45.58902200915842
              ], 
              [
                35.045792002219194, 
                45.58917800946007
              ], 
              [
                35.04586939978641, 
                45.58929330742024
              ], 
              [
                35.04604799744109, 
                45.589394986938444
              ], 
              [
                35.0462680009198, 
                45.58947000333526
              ], 
              [
                35.046656002068445, 
                45.589483009749316
              ], 
              [
                35.04725265525388, 
                45.58944869576971
              ], 
              [
                35.047728002836955, 
                45.589369012371115
              ], 
              [
                35.04820999703522, 
                45.58921798502614
              ], 
              [
                35.04855700140034, 
                45.58905900088658
              ], 
              [
                35.04891099854585, 
                45.5887979931462
              ], 
              [
                35.04904200163412, 
                45.58861800770179
              ], 
              [
                35.04912400355608, 
                45.5884470120471
              ], 
              [
                35.04918208074078, 
                45.58824028720446
              ], 
              [
                35.04918100077461, 
                45.58808799793733
              ], 
              [
                35.049140997775275, 
                45.58797698480088
              ], 
              [
                35.04901299522607, 
                45.587848986925394
              ], 
              [
                35.04886400078812, 
                45.58777500371451
              ]
            ]
          ], 
          [
            [
              [
                35.03382300133018, 
                45.58928500627192
              ], 
              [
                35.03387299872426, 
                45.58903899398452
              ], 
              [
                35.03377899744617, 
                45.58894098695801
              ], 
              [
                35.03363000096055, 
                45.58886700352897
              ], 
              [
                35.033440002612586, 
                45.58883701231891
              ], 
              [
                35.03327688859778, 
                45.58885835810335
              ], 
              [
                35.033064000197015, 
                45.588973005644156
              ], 
              [
                35.03259499846596, 
                45.589159991766174
              ], 
              [
                35.032372003257116, 
                45.589184015358256
              ], 
              [
                35.032111004042676, 
                45.589170014347395
              ], 
              [
                35.03178117684633, 
                45.589045382421595
              ], 
              [
                35.031617301044854, 
                45.588983908064804
              ], 
              [
                35.031030002766734, 
                45.588781008331125
              ], 
              [
                35.0308312516732, 
                45.58872003132128
              ], 
              [
                35.0305769985166, 
                45.58864199300462
              ], 
              [
                35.03034500024058, 
                45.58861299641862
              ], 
              [
                35.03011400173819, 
                45.58862500819671
              ], 
              [
                35.02992500503832, 
                45.5887010190436
              ], 
              [
                35.02966699596167, 
                45.58885698095595
              ], 
              [
                35.02933782320199, 
                45.58909212895238
              ], 
              [
                35.029162997968285, 
                45.589216990418706
              ], 
              [
                35.02873599827247, 
                45.58962198713737
              ], 
              [
                35.028653996137315, 
                45.58977198178402
              ], 
              [
                35.02867400241622, 
                45.589937010394294
              ], 
              [
                35.02881333934896, 
                45.59011263549823
              ], 
              [
                35.02906600103235, 
                45.59022900486805
              ], 
              [
                35.02948900264441, 
                45.590350003038566
              ], 
              [
                35.02999399965449, 
                45.590563997370566
              ], 
              [
                35.03035300194017, 
                45.59064700914867
              ], 
              [
                35.030703002462054, 
                45.590676005893975
              ], 
              [
                35.031040003309236, 
                45.59066001560405
              ], 
              [
                35.03140500275825, 
                45.59055401300589
              ], 
              [
                35.03179399673245, 
                45.5903819835923
              ], 
              [
                35.032447562678136, 
                45.59003318148207
              ], 
              [
                35.03286700398394, 
                45.589829018784975
              ], 
              [
                35.03335699656482, 
                45.5896509838024
              ], 
              [
                35.03364899884922, 
                45.58948599357377
              ], 
              [
                35.03382300133018, 
                45.58928500627192
              ]
            ]
          ], 
          [
            [
              [
                35.04867099689535, 
                45.5911199853676
              ], 
              [
                35.04845599902061, 
                45.59110498967104
              ], 
              [
                35.04807100377377, 
                45.591256017785746
              ], 
              [
                35.04792962536951, 
                45.59129997202827
              ], 
              [
                35.04768200466897, 
                45.59137701629196
              ], 
              [
                35.04743400002678, 
                45.59143699912598
              ], 
              [
                35.04706099564093, 
                45.591524984167975
              ], 
              [
                35.046812356623605, 
                45.591551417939044
              ], 
              [
                35.04662800109881, 
                45.591571004178725
              ], 
              [
                35.046423001360175, 
                45.5916560054106
              ], 
              [
                35.04635700390887, 
                45.591761013710055
              ], 
              [
                35.046370999821164, 
                45.591849993443574
              ], 
              [
                35.04649900276049, 
                45.59194601201061
              ], 
              [
                35.04669600127984, 
                45.59215400131876
              ], 
              [
                35.04684457464815, 
                45.592329436202164
              ], 
              [
                35.04707381377332, 
                45.592600163070486
              ], 
              [
                35.04735978117898, 
                45.592901378982326
              ], 
              [
                35.04757199619343, 
                45.59312398205974
              ], 
              [
                35.047729001291884, 
                45.59321300037543
              ], 
              [
                35.04801199853698, 
                45.5932569931049
              ], 
              [
                35.04826099967889, 
                45.593255998486626
              ], 
              [
                35.04850454934402, 
                45.59317623775943
              ], 
              [
                35.048700000777735, 
                45.59306399895231
              ], 
              [
                35.04884400369044, 
                45.59289001739218
              ], 
              [
                35.048896000615, 
                45.59270100189814
              ], 
              [
                35.0489639987529, 
                45.591707993122334
              ], 
              [
                35.04897999626943, 
                45.591432982418056
              ], 
              [
                35.04892699600385, 
                45.591276981166224
              ], 
              [
                35.0488325727985, 
                45.591191253189
              ], 
              [
                35.04867099689535, 
                45.5911199853676
              ]
            ]
          ], 
          [
            [
              [
                35.03299300219087, 
                45.594926004614294
              ], 
              [
                35.03272799970799, 
                45.59491999862298
              ], 
              [
                35.03234100122917, 
                45.59494800108018
              ], 
              [
                35.032207294951746, 
                45.59499899463136
              ], 
              [
                35.03208999647334, 
                45.595107982372355
              ], 
              [
                35.0320929967376, 
                45.59525698461841
              ], 
              [
                35.032167001176376, 
                45.59543100554606
              ], 
              [
                35.03246400097949, 
                45.595794999903184
              ], 
              [
                35.03262600412892, 
                45.59589901475163
              ], 
              [
                35.03277812286612, 
                45.59592231193941
              ], 
              [
                35.03291300186667, 
                45.59594300780039
              ], 
              [
                35.03313600300666, 
                45.59594201317487
              ], 
              [
                35.03331300011738, 
                45.59591500526788
              ], 
              [
                35.033593000459184, 
                45.595809001164646
              ], 
              [
                35.03396516921763, 
                45.59556485902579
              ], 
              [
                35.034101998672725, 
                45.59539049374224
              ], 
              [
                35.034093997746226, 
                45.595248989374426
              ], 
              [
                35.03397400422417, 
                45.59515901420033
              ], 
              [
                35.03376600129918, 
                45.59507600141027
              ], 
              [
                35.033488600607505, 
                45.59500982072002
              ], 
              [
                35.033221002722264, 
                45.594946011834516
              ], 
              [
                35.03299300219087, 
                45.594926004614294
              ]
            ]
          ], 
          [
            [
              [
                35.03855899892763, 
                45.59727599965881
              ], 
              [
                35.03857000097464, 
                45.59716199988033
              ], 
              [
                35.03847500386424, 
                45.597066018214846
              ], 
              [
                35.03814799860896, 
                45.59691498772909
              ], 
              [
                35.037712998116994, 
                45.59658699012356
              ], 
              [
                35.03753699101706, 
                45.59638408622205
              ], 
              [
                35.037497000750136, 
                45.59626499882187
              ], 
              [
                35.03752600081948, 
                45.596184013290866
              ], 
              [
                35.03765099752494, 
                45.59613898733255
              ], 
              [
                35.03792100100318, 
                45.5961500047288
              ], 
              [
                35.038254998279854, 
                45.59623799089127
              ], 
              [
                35.038423996067685, 
                45.59623799089127
              ], 
              [
                35.03849800026893, 
                45.59617200126744
              ], 
              [
                35.03851799730963, 
                45.596075981603974
              ], 
              [
                35.03840099829443, 
                45.59589698724602
              ], 
              [
                35.03817500360474, 
                45.59574201699237
              ], 
              [
                35.037648996056845, 
                45.59552798141178
              ], 
              [
                35.03726359218155, 
                45.59541861099936
              ], 
              [
                35.0370569999953, 
                45.59536000469166
              ], 
              [
                35.03678999787765, 
                45.59525598999475
              ], 
              [
                35.03658999800657, 
                45.5951279896024
              ], 
              [
                35.03651599771063, 
                45.59500798449296
              ], 
              [
                35.03650100321883, 
                45.59486801046005
              ], 
              [
                35.036556003921405, 
                45.594383017486344
              ], 
              [
                35.03653999937622, 
                45.593888997059025
              ], 
              [
                35.03656499776189, 
                45.593613984734255
              ], 
              [
                35.036645004049376, 
                45.593381014375595
              ], 
              [
                35.036776002499806, 
                45.59316200707038
              ], 
              [
                35.03699100087488, 
                45.59292800412427
              ], 
              [
                35.03715399889091, 
                45.59280199377122
              ], 
              [
                35.03735399595653, 
                45.592711980937544
              ], 
              [
                35.03752334803091, 
                45.5926644688599
              ], 
              [
                35.037753003132394, 
                45.59260001005254
              ], 
              [
                35.03801199841305, 
                45.59248800094699
              ], 
              [
                35.03813699987097, 
                45.59238899839147
              ], 
              [
                35.03818899876339, 
                45.59226899417015
              ], 
              [
                35.03818800304099, 
                45.592180014335895
              ], 
              [
                35.038156999185226, 
                45.5920989914444
              ], 
              [
                35.03808000201582, 
                45.592039008503086
              ], 
              [
                35.03789899673505, 
                45.592000983607846
              ], 
              [
                35.03773000337662, 
                45.59199501591838
              ], 
              [
                35.03753845798319, 
                45.592000601063624
              ], 
              [
                35.037103998733215, 
                45.59206299402756
              ], 
              [
                35.03692649906681, 
                45.59204849560031
              ], 
              [
                35.036841003926575, 
                45.59195901851166
              ], 
              [
                35.03684399522658, 
                45.59163898221002
              ], 
              [
                35.03682100018602, 
                45.59152900087692
              ], 
              [
                35.036747996619624, 
                45.59145398406289
              ], 
              [
                35.03662100126014, 
                45.59139400122609
              ], 
              [
                35.03642700249869, 
                45.591386006065534
              ], 
              [
                35.03616700491957, 
                45.59146201747928
              ], 
              [
                35.03556899761102, 
                45.59170898773646
              ], 
              [
                35.03517999779682, 
                45.5918799848977
              ], 
              [
                35.03507599830998, 
                45.59197898731709
              ], 
              [
                35.03505600225516, 
                45.592075005917586
              ], 
              [
                35.035075001875825, 
                45.59218900412901
              ], 
              [
                35.03517399795808, 
                45.5922989856582
              ], 
              [
                35.03534837472718, 
                45.59250525371342
              ], 
              [
                35.03553499841169, 
                45.592725982082335
              ], 
              [
                35.03555799721655, 
                45.59283898587708
              ], 
              [
                35.03549600110005, 
                45.59295000047141
              ], 
              [
                35.03538400204653, 
                45.59304001336298
              ], 
              [
                35.03521699784442, 
                45.59309498512265
              ], 
              [
                35.0350468492135, 
                45.59310003472102
              ], 
              [
                35.03484999849462, 
                45.59306598818785
              ], 
              [
                35.034360998922445, 
                45.592815994919434
              ], 
              [
                35.03415899841545, 
                45.59279598781435
              ], 
              [
                35.03403299788273, 
                45.59283198530249
              ], 
              [
                35.033908002771994, 
                45.59291300835443
              ], 
              [
                35.03386700324025, 
                45.59299701527689
              ], 
              [
                35.0338770000235, 
                45.59307800011045
              ], 
              [
                35.03402699785539, 
                45.59327198888866
              ], 
              [
                35.03421800153566, 
                45.593361007240006
              ], 
              [
                35.034580002486194, 
                45.59354501172117
              ], 
              [
                35.03481499726773, 
                45.59375399654746
              ], 
              [
                35.03492299707425, 
                45.59396298149175
              ], 
              [
                35.03497699683399, 
                45.59413298507368
              ], 
              [
                35.03497912747893, 
                45.59426328040106
              ], 
              [
                35.034982999129376, 
                45.59450099489517
              ], 
              [
                35.03505000001219, 
                45.59474900005721
              ], 
              [
                35.03518799781765, 
                45.59494298971133
              ], 
              [
                35.03547800200295, 
                45.59516700944236
              ], 
              [
                35.03601099820608, 
                45.59556899054294
              ], 
              [
                35.036165997102614, 
                45.595762980626944
              ], 
              [
                35.0362330039426, 
                45.5959990128718
              ], 
              [
                35.03608552018183, 
                45.59674127214274
              ], 
              [
                35.03607200078302, 
                45.59696900369108
              ], 
              [
                35.03613699802782, 
                45.597063990702864
              ], 
              [
                35.036264998974424, 
                45.59717799045116
              ], 
              [
                35.03641399553208, 
                45.59722198365202
              ], 
              [
                35.0366813836131, 
                45.59722381989007
              ], 
              [
                35.037023999253115, 
                45.597183996479146
              ], 
              [
                35.03731900160477, 
                45.59717500656467
              ], 
              [
                35.037581000580964, 
                45.597240001738406
              ], 
              [
                35.03802600344633, 
                45.59739401624509
              ], 
              [
                35.03824600072974, 
                45.597432003439515
              ], 
              [
                35.038468003518375, 
                45.59738701558429
              ], 
              [
                35.03855899892763, 
                45.59727599965881
              ]
            ]
          ], 
          [
            [
              [
                35.09481900051099, 
                45.585508997697744
              ], 
              [
                35.0947170024263, 
                45.58545001042124
              ], 
              [
                35.09452299802035, 
                45.58546798968091
              ], 
              [
                35.094381001149095, 
                45.585529004409096
              ], 
              [
                35.094107998970834, 
                45.58582899044771
              ], 
              [
                35.09391624125285, 
                45.586064174775366
              ], 
              [
                35.09355600159408, 
                45.58650600650394
              ], 
              [
                35.09302799743263, 
                45.58714798320669
              ], 
              [
                35.09236800168324, 
                45.58791600792343
              ], 
              [
                35.09195597015319, 
                45.58836954759864
              ], 
              [
                35.09187200162213, 
                45.58846200763603
              ], 
              [
                35.09175825631418, 
                45.58857944760094
              ], 
              [
                35.09106900258569, 
                45.589291012171834
              ], 
              [
                35.090073999554555, 
                45.590208997902785
              ], 
              [
                35.08923199655421, 
                45.59116998377872
              ], 
              [
                35.088537996043286, 
                45.59197298137358
              ], 
              [
                35.088199998611564, 
                45.59240498875606
              ], 
              [
                35.08782163079346, 
                45.5929811779048
              ], 
              [
                35.08750400184673, 
                45.593574008693494
              ], 
              [
                35.08734299682843, 
                45.59400498506975
              ], 
              [
                35.08721619033668, 
                45.595000639584754
              ], 
              [
                35.08719500221834, 
                45.59516700944236
              ], 
              [
                35.08705000283321, 
                45.5964830133366
              ], 
              [
                35.086978998946336, 
                45.59724298562539
              ], 
              [
                35.086879000948905, 
                45.59778800446638
              ], 
              [
                35.08668500198396, 
                45.59830899992436
              ], 
              [
                35.086581572984514, 
                45.59854040492696
              ], 
              [
                35.08636899942468, 
                45.599015992584654
              ], 
              [
                35.08620699798382, 
                45.59938798580235
              ], 
              [
                35.08603101815225, 
                45.59996307642363
              ], 
              [
                35.08594700155842, 
                45.60041100733544
              ], 
              [
                35.085919003953094, 
                45.60072301760703
              ], 
              [
                35.086112996595034, 
                45.60075798297266
              ], 
              [
                35.08624016235255, 
                45.600763223952264
              ], 
              [
                35.086397996137435, 
                45.600693981819056
              ], 
              [
                35.086521996334206, 
                45.60054398274514
              ], 
              [
                35.08666499659921, 
                45.60027998299258
              ], 
              [
                35.08677300127184, 
                45.59996900598633
              ], 
              [
                35.08691099915631, 
                45.59892999502856
              ], 
              [
                35.08697600062769, 
                45.59856500295441
              ], 
              [
                35.087108001526715, 
                45.59815800718617
              ], 
              [
                35.087271002515664, 
                45.59780801184138
              ], 
              [
                35.087516998082855, 
                45.597462989975625
              ], 
              [
                35.08768222891471, 
                45.59727267147689
              ], 
              [
                35.088313998079464, 
                45.59654498625246
              ], 
              [
                35.08856500021086, 
                45.59615799999227
              ], 
              [
                35.08869499729052, 
                45.59589698724602
              ], 
              [
                35.08877400475742, 
                45.59562801768651
              ], 
              [
                35.08877100332991, 
                45.59542201567421
              ], 
              [
                35.088623997656605, 
                45.59499398326179
              ], 
              [
                35.088489998532516, 
                45.594551988384765
              ], 
              [
                35.08835944235979, 
                45.59407522057151
              ], 
              [
                35.08831999618791, 
                45.59369998105479
              ], 
              [
                35.088321999445135, 
                45.59337099168036
              ], 
              [
                35.088405996593515, 
                45.59308098396391
              ], 
              [
                35.08851499672424, 
                45.592810983579426
              ], 
              [
                35.08875999884732, 
                45.59239699357371
              ], 
              [
                35.08896433593612, 
                45.59211161540647
              ], 
              [
                35.089059998449805, 
                45.59197799270222
              ], 
              [
                35.08955100023487, 
                45.591344997397904
              ], 
              [
                35.08976499837515, 
                45.591068992350856
              ], 
              [
                35.09006700056883, 
                45.59075400638504
              ], 
              [
                35.09051399697512, 
                45.590324984760436
              ], 
              [
                35.09087599938887, 
                45.59003899612302
              ], 
              [
                35.091241001491916, 
                45.58975400231539
              ], 
              [
                35.09146100311667, 
                45.58954700896392
              ], 
              [
                35.09177600351564, 
                45.589276016549334
              ], 
              [
                35.09198200309024, 
                45.58900701354679
              ], 
              [
                35.092188996080814, 
                45.58877798625826
              ], 
              [
                35.09239600017501, 
                45.58859800082357
              ], 
              [
                35.09260499703822, 
                45.58846598605769
              ], 
              [
                35.092913998770065, 
                45.58834498850283
              ], 
              [
                35.09344199621514, 
                45.58817598218349
              ], 
              [
                35.0936520350929, 
                45.58811894543718
              ], 
              [
                35.093777003000554, 
                45.58808501412415
              ], 
              [
                35.09402699886622, 
                45.587946993662925
              ], 
              [
                35.09427700069648, 
                45.58775400227833
              ], 
              [
                35.094399996300396, 
                45.58754498258498
              ], 
              [
                35.09447999767527, 
                45.58731698905689
              ], 
              [
                35.094519349685875, 
                45.587060649521206
              ], 
              [
                35.09454800207007, 
                45.586874008744196
              ], 
              [
                35.0945639980843, 
                45.58634698527476
              ], 
              [
                35.09461887194106, 
                45.58614768284437
              ], 
              [
                35.094643001298145, 
                45.58606000511049
              ], 
              [
                35.09483200501182, 
                45.585760018884805
              ], 
              [
                35.09486300015474, 
                45.58562899972831
              ], 
              [
                35.09481900051099, 
                45.585508997697744
              ]
            ]
          ], 
          [
            [
              [
                35.041435002815355, 
                45.59822101326935
              ], 
              [
                35.04121600145809, 
                45.59820100587202
              ], 
              [
                35.041006000968096, 
                45.598244004562844
              ], 
              [
                35.04088900397651, 
                45.59833401874226
              ], 
              [
                35.040839995739766, 
                45.59843298463331
              ], 
              [
                35.04084200089671, 
                45.59852200422629
              ], 
              [
                35.040946002689914, 
                45.59872800796471
              ], 
              [
                35.04100641494322, 
                45.59893841115861
              ], 
              [
                35.04106199722398, 
                45.5991319822027
              ], 
              [
                35.04110500176316, 
                45.59939200259666
              ], 
              [
                35.04103025976374, 
                45.599544373025715
              ], 
              [
                35.04092300333089, 
                45.59963201569866
              ], 
              [
                35.04067200097267, 
                45.59969199987091
              ], 
              [
                35.04033499820743, 
                45.59970799055111
              ], 
              [
                35.03993999796688, 
                45.59975098941712
              ], 
              [
                35.039721001379064, 
                45.59981200649976
              ], 
              [
                35.03952430242973, 
                45.59992340573873
              ], 
              [
                35.03932999745934, 
                45.60011498802486
              ], 
              [
                35.039192003085034, 
                45.60038200982724
              ], 
              [
                35.039173998147675, 
                45.600563990269215
              ], 
              [
                35.03919699820149, 
                45.60073499152289
              ], 
              [
                35.03928499767241, 
                45.60092898431607
              ], 
              [
                35.0394570024546, 
                45.60113801156895
              ], 
              [
                35.03979900280291, 
                45.60146601321016
              ], 
              [
                35.039846092080744, 
                45.60153954009336
              ], 
              [
                35.04031899701566, 
                45.60227798493466
              ], 
              [
                35.04050779264922, 
                45.60252251405967
              ], 
              [
                35.04060700304123, 
                45.602651014332686
              ], 
              [
                35.04082099961457, 
                45.60285399818331
              ], 
              [
                35.040968998315165, 
                45.60289799205935
              ], 
              [
                35.04108699993895, 
                45.602867999712
              ], 
              [
                35.04113499853413, 
                45.602747992091366
              ], 
              [
                35.04115299916593, 
                45.60253299606894
              ], 
              [
                35.04113787531966, 
                45.60205751865476
              ], 
              [
                35.04113500253798, 
                45.601967006248216
              ], 
              [
                35.04114700324943, 
                45.601181010601216
              ], 
              [
                35.04120099932985, 
                45.60089899212841
              ], 
              [
                35.041302005017, 
                45.60063001893184
              ], 
              [
                35.04149751144007, 
                45.600230863221725
              ], 
              [
                35.041616002860025, 
                45.59998901347929
              ], 
              [
                35.04186200159609, 
                45.59960500752224
              ], 
              [
                35.041985002679546, 
                45.599383012628515
              ], 
              [
                35.04207100453715, 
                45.599204016670456
              ], 
              [
                35.04210899649216, 
                45.59900899189317
              ], 
              [
                35.042115002804195, 
                45.598827012216304
              ], 
              [
                35.042104004597576, 
                45.59869801595554
              ], 
              [
                35.042052003055616, 
                45.598578009688104
              ], 
              [
                35.04192300037401, 
                45.59843799604946
              ], 
              [
                35.04173999777437, 
                45.598303988509976
              ], 
              [
                35.041435002815355, 
                45.59822101326935
              ]
            ]
          ], 
          [
            [
              [
                35.03810899863999, 
                45.60291199358968
              ], 
              [
                35.03819500289733, 
                45.60254401365567
              ], 
              [
                35.0382135272605, 
                45.60242190208783
              ], 
              [
                35.038228996975306, 
                45.60231998945684
              ], 
              [
                35.038280337365634, 
                45.60208200214977
              ], 
              [
                35.03831099601416, 
                45.60188598121329
              ], 
              [
                35.038402002581456, 
                45.601766012166834
              ], 
              [
                35.03856800056875, 
                45.601625002680464
              ], 
              [
                35.038621000331325, 
                45.601511001561526
              ], 
              [
                35.03859799940765, 
                45.6014059904948
              ], 
              [
                35.03849100097041, 
                45.60133200457352
              ], 
              [
                35.038335000502464, 
                45.601311002367964
              ], 
              [
                35.0381670011264, 
                45.601339005308965
              ], 
              [
                35.03795815142921, 
                45.60146191988253
              ], 
              [
                35.037863003915504, 
                45.60155801745497
              ], 
              [
                35.03779299812185, 
                45.60167798643398
              ], 
              [
                35.03774200159435, 
                45.60186700651458
              ], 
              [
                35.03769600176084, 
                45.60218100729925
              ], 
              [
                35.03761600313289, 
                45.602444013765975
              ], 
              [
                35.0375220044046, 
                45.60257301133339
              ], 
              [
                35.037420283863256, 
                45.6026815804953
              ], 
              [
                35.03720100191499, 
                45.60281000431252
              ], 
              [
                35.037066997341945, 
                45.60285598747152
              ], 
              [
                35.03690699734196, 
                45.60285598747152
              ], 
              [
                35.03667100193731, 
                45.60284500813104
              ], 
              [
                35.03650099653468, 
                45.602770983666296
              ], 
              [
                35.036319998160465, 
                45.60274099132923
              ], 
              [
                35.03607099702412, 
                45.60274198597303
              ], 
              [
                35.035957996096094, 
                45.60279298059871
              ], 
              [
                35.0358969998261, 
                45.602903998180224
              ], 
              [
                35.03589860761057, 
                45.603023432018084
              ], 
              [
                35.03599500405777, 
                45.60325101441235
              ], 
              [
                35.03628295212121, 
                45.60369879628459
              ], 
              [
                35.03646699719093, 
                45.60398498675972
              ], 
              [
                35.03660800065815, 
                45.60435901252822
              ], 
              [
                35.03676000461265, 
                45.60468701702695
              ], 
              [
                35.03694171921753, 
                45.60485786716452
              ], 
              [
                35.03712199962894, 
                45.60490499825085
              ], 
              [
                35.03738299945853, 
                45.60489799744789
              ], 
              [
                35.03757999775637, 
                45.60482798942541
              ], 
              [
                35.037753997292185, 
                45.60467198252467
              ], 
              [
                35.03784551054906, 
                45.60451628173544
              ], 
              [
                35.0378979984956, 
                45.60442699290951
              ], 
              [
                35.037989999760725, 
                45.60414799415921
              ], 
              [
                35.03801799875784, 
                45.603797993145236
              ], 
              [
                35.03805000177628, 
                45.603203003658585
              ], 
              [
                35.03810899863999, 
                45.60291199358968
              ]
            ]
          ], 
          [
            [
              [
                35.08682949691328, 
                45.60438548547205
              ], 
              [
                35.08667700252481, 
                45.604360007176346
              ], 
              [
                35.086514413178385, 
                45.60436081054604
              ], 
              [
                35.08623100127412, 
                45.604389004996534
              ], 
              [
                35.085987997275765, 
                45.60446398617797
              ], 
              [
                35.08585236147081, 
                45.60452699333557
              ], 
              [
                35.085708004687326, 
                45.60459401735469
              ], 
              [
                35.08554949052762, 
                45.604710659069944
              ], 
              [
                35.08549300065299, 
                45.60480400307323
              ], 
              [
                35.085502996388755, 
                45.604914983002885
              ], 
              [
                35.08556700037017, 
                45.60498300174217
              ], 
              [
                35.085694995191744, 
                45.60504298678251
              ], 
              [
                35.08597799839067, 
                45.60509199242537
              ], 
              [
                35.086230997082595, 
                45.605085986268925
              ], 
              [
                35.086502999506465, 
                45.60503399667699
              ], 
              [
                35.08680500018215, 
                45.6049189998572
              ], 
              [
                35.08690995185862, 
                45.60484344474726
              ], 
              [
                35.08697799766914, 
                45.60467898332335
              ], 
              [
                35.086967471627155, 
                45.60458158424521
              ], 
              [
                35.08694499626395, 
                45.60447898241607
              ], 
              [
                35.08682949691328, 
                45.60438548547205
              ]
            ]
          ], 
          [
            [
              [
                35.041617998057035, 
                45.60338399084339
              ], 
              [
                35.04144099826929, 
                45.60338399084339
              ], 
              [
                35.041285999119346, 
                45.60342699013684
              ], 
              [
                35.041148000076284, 
                45.60352599564649
              ], 
              [
                35.04103700245523, 
                45.60366700585785
              ], 
              [
                35.04100500325522, 
                45.60380101534079
              ], 
              [
                35.041013579250084, 
                45.603925001891085
              ], 
              [
                35.041073998258696, 
                45.604126991793684
              ], 
              [
                35.041210999010055, 
                45.604297000047225
              ], 
              [
                35.04150300090426, 
                45.604575004261285
              ], 
              [
                35.041938003546306, 
                45.60492301671161
              ], 
              [
                35.04268295682846, 
                45.605368046191366
              ], 
              [
                35.04297200053674, 
                45.60554800152902
              ], 
              [
                35.0431499971693, 
                45.605607986661
              ], 
              [
                35.04330999799611, 
                45.60560098584472
              ], 
              [
                35.04342300063274, 
                45.60551999826917
              ], 
              [
                35.04345000172404, 
                45.605361007123825
              ], 
              [
                35.04339699837937, 
                45.60522699707536
              ], 
              [
                35.04326051492211, 
                45.60513170192058
              ], 
              [
                35.04317499774394, 
                45.60507198465625
              ], 
              [
                35.042754999054424, 
                45.6046489908315
              ], 
              [
                35.04255300185938, 
                45.60437400876207
              ], 
              [
                35.042324667589504, 
                45.60402278335289
              ], 
              [
                35.042227346721255, 
                45.60387308897372
              ], 
              [
                35.04202900206592, 
                45.603568000310446
              ], 
              [
                35.04189299545747, 
                45.60346398330523
              ], 
              [
                35.04175699968624, 
                45.60340399852113
              ], 
              [
                35.041617998057035, 
                45.60338399084339
              ]
            ]
          ], 
          [
            [
              [
                35.08489799766297, 
                45.60159898899926
              ], 
              [
                35.08477899968075, 
                45.60157599749719
              ], 
              [
                35.084551997681764, 
                45.601606984380474
              ], 
              [
                35.08438600375665, 
                45.601715017682785
              ], 
              [
                35.08413899540513, 
                45.60205698307833
              ], 
              [
                35.083927001526725, 
                45.60248200147912
              ], 
              [
                35.08373813791612, 
                45.60297756360495
              ], 
              [
                35.083685001302094, 
                45.60311700512878
              ], 
              [
                35.0835510756287, 
                45.60357840583812
              ], 
              [
                35.08344700322209, 
                45.6039370141663
              ], 
              [
                35.083293530853105, 
                45.60453938818748
              ], 
              [
                35.08327300072341, 
                45.604619992990926
              ], 
              [
                35.083229000557814, 
                45.60546999791845
              ], 
              [
                35.0832530013293, 
                45.60682800525637
              ], 
              [
                35.0832272850714, 
                45.607878706509425
              ], 
              [
                35.08322300032606, 
                45.60805399582772
              ], 
              [
                35.083177000482294, 
                45.608777992856474
              ], 
              [
                35.083062003879, 
                45.6094190135499
              ], 
              [
                35.08292757044362, 
                45.609798477207015
              ], 
              [
                35.0827970009899, 
                45.61016699995217
              ], 
              [
                35.082595001240584, 
                45.61071800583862
              ], 
              [
                35.082550996048795, 
                45.61107398140399
              ], 
              [
                35.08253800425486, 
                45.61129001531841
              ], 
              [
                35.08258100068702, 
                45.61136400323315
              ], 
              [
                35.08268700020752, 
                45.61139399627005
              ], 
              [
                35.08284300127702, 
                45.61138500601001
              ], 
              [
                35.082938997241385, 
                45.61132398701685
              ], 
              [
                35.08300000298795, 
                45.611190013062185
              ], 
              [
                35.083065003765384, 
                45.61080901772111
              ], 
              [
                35.08307277060736, 
                45.61072060727086
              ], 
              [
                35.08310700122022, 
                45.61033100474271
              ], 
              [
                35.08320599993957, 
                45.609944998715356
              ], 
              [
                35.08332600004791, 
                45.60961500022521
              ], 
              [
                35.08345299744757, 
                45.60916598698674
              ], 
              [
                35.083780003438186, 
                45.60786401618186
              ], 
              [
                35.08381499744014, 
                45.60745398795157
              ], 
              [
                35.083828000684186, 
                45.6069930032201
              ], 
              [
                35.08381340331536, 
                45.60652582160422
              ], 
              [
                35.08380099954198, 
                45.606128993137375
              ], 
              [
                35.083814997574486, 
                45.60571598287667
              ], 
              [
                35.08384699800432, 
                45.60517099060645
              ], 
              [
                35.08393616170883, 
                45.60443881392252
              ], 
              [
                35.083969999466966, 
                45.6042259974908
              ], 
              [
                35.084048998460666, 
                45.60394099275437
              ], 
              [
                35.08418199729548, 
                45.60354898726979
              ], 
              [
                35.08427300470786, 
                45.60322901745267
              ], 
              [
                35.0843120008956, 
                45.60305200892223
              ], 
              [
                35.084387868303885, 
                45.6028111137231
              ], 
              [
                35.08449799720791, 
                45.602603500978525
              ], 
              [
                35.08471200315267, 
                45.60230901013229
              ], 
              [
                35.084898000955704, 
                45.60211099979127
              ], 
              [
                35.084966998648554, 
                45.60194898793156
              ], 
              [
                35.084993004039355, 
                45.6017790190131
              ], 
              [
                35.08498300188454, 
                45.60167400787026
              ], 
              [
                35.08489799766297, 
                45.60159898899926
              ]
            ]
          ], 
          [
            [
              [
                35.0380406391373, 
                45.6086387022215
              ], 
              [
                35.03782800217373, 
                45.608603009243815
              ], 
              [
                35.03749900182834, 
                45.608604003903395
              ], 
              [
                35.03726800238421, 
                45.60862500652334
              ], 
              [
                35.037142999654115, 
                45.60869099836973
              ], 
              [
                35.03698500115911, 
                45.60884100074957
              ], 
              [
                35.03689111921285, 
                45.60904176914108
              ], 
              [
                35.03678299874961, 
                45.60934399310691
              ], 
              [
                35.03667900268559, 
                45.60945501265617
              ], 
              [
                35.036576001578965, 
                45.60957800644115
              ], 
              [
                35.036430005040735, 
                45.60966901804277
              ], 
              [
                35.03627100289098, 
                45.60972001362422
              ], 
              [
                35.03609400259731, 
                45.609750006527605
              ], 
              [
                35.03574600088782, 
                45.60982299947108
              ], 
              [
                35.03554000411377, 
                45.60989901467435
              ], 
              [
                35.035444999930355, 
                45.60999499967158
              ], 
              [
                35.035397002105704, 
                45.61012300521088
              ], 
              [
                35.03539900169459, 
                45.610258011698875
              ], 
              [
                35.03548200350749, 
                45.61042201652982
              ], 
              [
                35.03556800358222, 
                45.610551016881864
              ], 
              [
                35.035591000821746, 
                45.61066100387239
              ], 
              [
                35.03551300261423, 
                45.61076001132005
              ], 
              [
                35.035367004828146, 
                45.61089501804088
              ], 
              [
                35.03509700468296, 
                45.611132016356706
              ], 
              [
                35.035043997547845, 
                45.61125198844352
              ], 
              [
                35.0350749613919, 
                45.61138745442123
              ], 
              [
                35.03520500242169, 
                45.61154201041244
              ], 
              [
                35.035387997802424, 
                45.6116249886433
              ], 
              [
                35.035556998197286, 
                45.6116389905043
              ], 
              [
                35.03588899958993, 
                45.61160800277988
              ], 
              [
                35.036261998992295, 
                45.611466989538314
              ], 
              [
                35.03658300272679, 
                45.61127700813743
              ], 
              [
                35.03680499900183, 
                45.61117199429586
              ], 
              [
                35.03704400101191, 
                45.611127004768505
              ], 
              [
                35.037373002143745, 
                45.61112601010213
              ], 
              [
                35.03763699853702, 
                45.61104398839307
              ], 
              [
                35.03789099965476, 
                45.61086999837284
              ], 
              [
                35.03809000120897, 
                45.610675005696855
              ], 
              [
                35.03825000226293, 
                45.61041700495121
              ], 
              [
                35.03833799979835, 
                45.61015999904953
              ], 
              [
                35.038375169070044, 
                45.609860299329824
              ], 
              [
                35.03834199710811, 
                45.609632980659384
              ], 
              [
                35.038310001198596, 
                45.609478004648345
              ], 
              [
                35.03830299722025, 
                45.60929498690023
              ], 
              [
                35.038283997490524, 
                45.60891498817386
              ], 
              [
                35.038251996403936, 
                45.608786983053115
              ], 
              [
                35.038175001185074, 
                45.608697004584705
              ], 
              [
                35.0380406391373, 
                45.6086387022215
              ]
            ]
          ], 
          [
            [
              [
                35.04363799932572, 
                45.60730199682263
              ], 
              [
                35.043396998965655, 
                45.60728799512601
              ], 
              [
                35.04312799783155, 
                45.60728898978202
              ], 
              [
                35.0429303955012, 
                45.607330918361605
              ], 
              [
                35.042784997985244, 
                45.60747499050614
              ], 
              [
                35.04274149700428, 
                45.60761091417143
              ], 
              [
                35.04274100443414, 
                45.60786401618186
              ], 
              [
                35.042758915627815, 
                45.607953344094206
              ], 
              [
                35.042819000851274, 
                45.608253004011
              ], 
              [
                35.0429100006458, 
                45.60912000304271
              ], 
              [
                35.04289199740416, 
                45.60934498776849
              ], 
              [
                35.04282165546725, 
                45.60958573420135
              ], 
              [
                35.0427640050243, 
                45.60971901896164
              ], 
              [
                35.042689998432174, 
                45.60981798790059
              ], 
              [
                35.04258600179119, 
                45.60989300843983
              ], 
              [
                35.042473000860014, 
                45.609944004052174
              ], 
              [
                35.04232499803439, 
                45.60996799073801
              ], 
              [
                35.04211600380317, 
                45.61005001220814
              ], 
              [
                35.0419149980913, 
                45.61013999100602
              ], 
              [
                35.0418120014302, 
                45.61026000102694
              ], 
              [
                35.04179300149289, 
                45.61038900132239
              ], 
              [
                35.04182673100047, 
                45.61056184342591
              ], 
              [
                35.04194700453465, 
                45.61075901665469
              ], 
              [
                35.04211900296385, 
                45.610989013964904
              ], 
              [
                35.04211300308056, 
                45.61111801451496
              ], 
              [
                35.04203899863601, 
                45.61120799357297
              ], 
              [
                35.04193400205499, 
                45.611283014394466
              ], 
              [
                35.041779002164546, 
                45.611334010198725
              ], 
              [
                35.041483998673506, 
                45.61135998630877
              ], 
              [
                35.04121100261954, 
                45.61138401134296
              ], 
              [
                35.04099300078151, 
                45.611450003682165
              ], 
              [
                35.04086100359035, 
                45.61159101691722
              ], 
              [
                35.04077900228004, 
                45.61175001074328
              ], 
              [
                35.04078199812561, 
                45.61188999116798
              ], 
              [
                35.040865000381714, 
                45.61208999608655
              ], 
              [
                35.04100600131176, 
                45.612204000468864
              ], 
              [
                35.041154000036094, 
                45.61224799545803
              ], 
              [
                35.04138200016742, 
                45.612247000788635
              ], 
              [
                35.04176799817121, 
                45.61214198667129
              ], 
              [
                35.04246799818564, 
                45.61193299145119
              ], 
              [
                35.043353000104275, 
                45.61167300049126
              ], 
              [
                35.04375199606301, 
                45.611611981450515
              ], 
              [
                35.04424499740697, 
                45.61161098678285
              ], 
              [
                35.04461000015866, 
                45.61154399974739
              ], 
              [
                35.044818999059544, 
                45.611429995568784
              ], 
              [
                35.04497489759068, 
                45.61123680064847
              ], 
              [
                35.04500299802965, 
                45.61110898600524
              ], 
              [
                35.04500099726651, 
                45.610950987120965
              ], 
              [
                35.044773003508446, 
                45.61042201652982
              ], 
              [
                35.04463200203198, 
                45.61007200957379
              ], 
              [
                35.044538981367346, 
                45.609745836595735
              ], 
              [
                35.044475996455404, 
                45.60952498329897
              ], 
              [
                35.04440100121695, 
                45.609098005733735
              ], 
              [
                35.044279997990515, 
                45.60866398953146
              ], 
              [
                35.04412200214963, 
                45.60803701012846
              ], 
              [
                35.044044998841315, 
                45.60773199454023
              ], 
              [
                35.04390700084244, 
                45.6075019992575
              ], 
              [
                35.04379900280294, 
                45.60739201320734
              ], 
              [
                35.04363799932572, 
                45.60730199682263
              ]
            ]
          ], 
          [
            [
              [
                34.697423435659786, 
                45.7104780093773
              ], 
              [
                34.69733999500851, 
                45.710394970550716
              ], 
              [
                34.69715799350729, 
                45.710229964422254
              ], 
              [
                34.696869000141476, 
                45.71008799492329
              ], 
              [
                34.696640007494025, 
                45.71006602983592
              ], 
              [
                34.696427000323744, 
                45.71010200053717
              ], 
              [
                34.696182996591205, 
                45.71021197906487
              ], 
              [
                34.69585699361355, 
                45.71038096492558
              ], 
              [
                34.695490006385164, 
                45.71047502457123
              ], 
              [
                34.69519500304142, 
                45.710477014441935
              ], 
              [
                34.69492299368039, 
                45.7103799699905
              ], 
              [
                34.69458600023519, 
                45.71023899536799
              ], 
              [
                34.69426600521921, 
                45.710189019035504
              ], 
              [
                34.694119006518626, 
                45.710218025206196
              ], 
              [
                34.69407899987894, 
                45.71032149842495
              ], 
              [
                34.69413800633286, 
                45.71045902907241
              ], 
              [
                34.694223216631926, 
                45.710555997011355
              ], 
              [
                34.69430399795668, 
                45.710647990296856
              ], 
              [
                34.694488174509104, 
                45.71075322390891
              ], 
              [
                34.69470551575829, 
                45.71087736134336
              ], 
              [
                34.69487300717508, 
                45.71097302832221
              ], 
              [
                34.695275004907096, 
                45.711080022301026
              ], 
              [
                34.69579200387852, 
                45.711111018416595
              ], 
              [
                34.6965540022638, 
                45.711159005000745
              ], 
              [
                34.69694700446261, 
                45.7111560201891
              ], 
              [
                34.697242007011276, 
                45.71110902854243
              ], 
              [
                34.697380004449116, 
                45.711050021124976
              ], 
              [
                34.69745575377468, 
                45.71096874244101
              ], 
              [
                34.69756499252365, 
                45.71077396450077
              ], 
              [
                34.697530001742905, 
                45.71058400827554
              ], 
              [
                34.697423435659786, 
                45.7104780093773
              ]
            ]
          ], 
          [
            [
              [
                34.70703688154602, 
                45.72067708108283
              ], 
              [
                34.707126159678594, 
                45.720566104441176
              ], 
              [
                34.70718100530233, 
                45.720430024163896
              ], 
              [
                34.70718000472842, 
                45.72030902144023
              ], 
              [
                34.70714599807634, 
                45.72022598037858
              ], 
              [
                34.707058993587296, 
                45.72013696956574
              ], 
              [
                34.70692935155653, 
                45.72006548540329
              ], 
              [
                34.70675099556023, 
                45.72004397892887
              ], 
              [
                34.706591996718956, 
                45.720119978682156
              ], 
              [
                34.706573570211496, 
                45.72026072751177
              ], 
              [
                34.70662400256504, 
                45.72038701117339
              ], 
              [
                34.706628999071754, 
                45.72046699084837
              ], 
              [
                34.70655999733227, 
                45.72055998159296
              ], 
              [
                34.70639700543753, 
                45.720612025806034
              ], 
              [
                34.70618000558279, 
                45.72062802174949
              ], 
              [
                34.70592999588556, 
                45.720620980472866
              ], 
              [
                34.70562600257309, 
                45.7205710027198
              ], 
              [
                34.70538369602524, 
                45.720563196088264
              ], 
              [
                34.70524200650293, 
                45.7205960298633
              ], 
              [
                34.705196296343644, 
                45.72071320590036
              ], 
              [
                34.70533214288238, 
                45.72081155420346
              ], 
              [
                34.70549900154079, 
                45.72085900631248
              ], 
              [
                34.70581899494847, 
                45.720925975025246
              ], 
              [
                34.70601200682896, 
                45.72094503240976
              ], 
              [
                34.70622900797733, 
                45.720961028367796
              ], 
              [
                34.706401001671686, 
                45.72096600318743
              ], 
              [
                34.7065193146388, 
                45.720949548015064
              ], 
              [
                34.70663800443624, 
                45.72093301630775
              ], 
              [
                34.70679399617164, 
                45.720879977085225
              ], 
              [
                34.706922999227224, 
                45.720784996332206
              ], 
              [
                34.70703688154602, 
                45.72067708108283
              ]
            ]
          ], 
          [
            [
              [
                34.687617998223686, 
                45.72239768255871
              ], 
              [
                34.6873449937166, 
                45.72235696541569
              ], 
              [
                34.68698400671538, 
                45.722359031887144
              ], 
              [
                34.68677900565558, 
                45.72236002685487
              ], 
              [
                34.68654199338188, 
                45.72240196857402
              ], 
              [
                34.686363504586915, 
                45.7225055217808
              ], 
              [
                34.686445996217934, 
                45.722597977292516
              ], 
              [
                34.68669300570948, 
                45.72264803185912
              ], 
              [
                34.68694699711335, 
                45.72265798154444
              ], 
              [
                34.68726171206347, 
                45.72267765130776
              ], 
              [
                34.687529001473884, 
                45.72272900699827
              ], 
              [
                34.687686007062894, 
                45.722815033536264
              ], 
              [
                34.687901003194426, 
                45.722986015167535
              ], 
              [
                34.688016996977915, 
                45.723128984650366
              ], 
              [
                34.688241008160006, 
                45.72331703399651
              ], 
              [
                34.688537007115485, 
                45.723454033784655
              ], 
              [
                34.68880800272379, 
                45.72350401193246
              ], 
              [
                34.68898800189613, 
                45.723520008002666
              ], 
              [
                34.68925200669805, 
                45.723622030801785
              ], 
              [
                34.68937600388164, 
                45.72373101842966
              ], 
              [
                34.689462115075955, 
                45.72386273736886
              ], 
              [
                34.6894637801887, 
                45.72400295188747
              ], 
              [
                34.68935600805518, 
                45.7241390334969
              ], 
              [
                34.689103005302805, 
                45.724232025177066
              ], 
              [
                34.68892399308725, 
                45.72434246717862
              ], 
              [
                34.6889250011458, 
                45.72443499969216
              ], 
              [
                34.689379992744655, 
                45.72477696455289
              ], 
              [
                34.68988099626774, 
                45.72494098227996
              ], 
              [
                34.690126995453255, 
                45.724956978413154
              ], 
              [
                34.69031600231617, 
                45.7249210062486
              ], 
              [
                34.69039699295856, 
                45.72485197031718
              ], 
              [
                34.69041821316386, 
                45.72468772302073
              ], 
              [
                34.69040100431063, 
                45.7245070204654
              ], 
              [
                34.690258999874565, 
                45.72428299840439
              ], 
              [
                34.69012500034108, 
                45.72405400161913
              ], 
              [
                34.69004899884761, 
                45.72381298878077
              ], 
              [
                34.68995699612845, 
                45.72364698161822
              ], 
              [
                34.68975800665391, 
                45.72342403159202
              ], 
              [
                34.68958399604806, 
                45.72329797648813
              ], 
              [
                34.68872800440665, 
                45.722924020923124
              ], 
              [
                34.6882910009512, 
                45.722684998768244
              ], 
              [
                34.68813500771553, 
                45.722568970138546
              ], 
              [
                34.687900855651414, 
                45.72246419233775
              ], 
              [
                34.68778800436366, 
                45.722423015971394
              ], 
              [
                34.687617998223686, 
                45.72239768255871
              ]
            ]
          ], 
          [
            [
              [
                34.68141593595027, 
                45.72471657727014
              ], 
              [
                34.68091500324227, 
                45.72464601064825
              ], 
              [
                34.68057100118389, 
                45.72464700562224
              ], 
              [
                34.68035800529387, 
                45.72468902414065
              ], 
              [
                34.680277004419146, 
                45.724781020986676
              ], 
              [
                34.68031900288687, 
                45.72489000896072
              ], 
              [
                34.68041799626872, 
                45.72494098227996
              ], 
              [
                34.68061599667606, 
                45.725031984214475
              ], 
              [
                34.68076499863737, 
                45.72515199352866
              ], 
              [
                34.68080674365409, 
                45.725288687859354
              ], 
              [
                34.68097299768865, 
                45.725472988023476
              ], 
              [
                34.68130274079842, 
                45.72554194753572
              ], 
              [
                34.681638001086924, 
                45.72556100516129
              ], 
              [
                34.68200000327752, 
                45.7256970108151
              ], 
              [
                34.682699006291976, 
                45.72587702512929
              ], 
              [
                34.68300300146019, 
                45.72597300218515
              ], 
              [
                34.68349499427955, 
                45.72603997183637
              ], 
              [
                34.683791000076276, 
                45.726141000362034
              ], 
              [
                34.68403099839545, 
                45.72629499238075
              ], 
              [
                34.684179996670835, 
                45.726449979443345
              ], 
              [
                34.684353992371605, 
                45.726620962777915
              ], 
              [
                34.68457311958894, 
                45.726645378041276
              ], 
              [
                34.6847719997636, 
                45.72662999412906
              ], 
              [
                34.68509000430173, 
                45.72651901567711
              ], 
              [
                34.68534761719017, 
                45.72638806114723
              ], 
              [
                34.685496998082236, 
                45.72628098614573
              ], 
              [
                34.68549599766685, 
                45.72618898892155
              ], 
              [
                34.68544499749523, 
                45.72605198810653
              ], 
              [
                34.68522199306166, 
                45.725903966054695
              ], 
              [
                34.68503222317133, 
                45.725833628813284
              ], 
              [
                34.68456399306385, 
                45.72565996706418
              ], 
              [
                34.6842430079944, 
                45.7255240379608
              ], 
              [
                34.68361896550233, 
                45.72534991713943
              ], 
              [
                34.68277299638877, 
                45.72521597810262
              ], 
              [
                34.68241899610729, 
                45.72506298151441
              ], 
              [
                34.681653993836484, 
                45.72479097073013
              ], 
              [
                34.68141593595027, 
                45.72471657727014
              ]
            ]
          ], 
          [
            [
              [
                34.731833003295, 
                45.72444801088288
              ], 
              [
                34.73138100455981, 
                45.72432501688094
              ], 
              [
                34.731261759319224, 
                45.72432570570847
              ], 
              [
                34.730848001379634, 
                45.72432800180024
              ], 
              [
                34.7303891593648, 
                45.72438838901866
              ], 
              [
                34.73020999203596, 
                45.724411962232104
              ], 
              [
                34.72997400007588, 
                45.72451100035979
              ], 
              [
                34.72976299976039, 
                45.724678997863506
              ], 
              [
                34.72978900678783, 
                45.724794032189735
              ], 
              [
                34.72997800739898, 
                45.724885034087585
              ], 
              [
                34.73044600749997, 
                45.724962029823764
              ], 
              [
                34.730780916992934, 
                45.724981087419025
              ], 
              [
                34.7309389936777, 
                45.72505096527684
              ], 
              [
                34.7309980078506, 
                45.725189037228
              ], 
              [
                34.73094999658066, 
                45.725275982785
              ], 
              [
                34.730758623888214, 
                45.725369357438
              ], 
              [
                34.730664996361384, 
                45.72541497326076
              ], 
              [
                34.730395996002585, 
                45.7255659800436
              ], 
              [
                34.73036500146968, 
                45.72565300222714
              ], 
              [
                34.730391004344014, 
                45.72575602059963
              ], 
              [
                34.730515001214286, 
                45.72588200001593
              ], 
              [
                34.730728993300254, 
                45.72599496822939
              ], 
              [
                34.731035006881044, 
                45.72616602788748
              ], 
              [
                34.73137299861577, 
                45.7263709934358
              ], 
              [
                34.73153199917298, 
                45.7266459903363
              ], 
              [
                34.73161800714118, 
                45.726927033862076
              ], 
              [
                34.73163600546946, 
                45.727082021193205
              ], 
              [
                34.73173599223228, 
                45.72723096216702
              ], 
              [
                34.73188399281415, 
                45.72727596592646
              ], 
              [
                34.732154000434164, 
                45.72726900105855
              ], 
              [
                34.73248799970269, 
                45.72711699859013
              ], 
              [
                34.73278000212291, 
                45.72688601006595
              ], 
              [
                34.73303099733754, 
                45.72660198163386
              ], 
              [
                34.733118440268925, 
                45.726382091274964
              ], 
              [
                34.73319800507725, 
                45.726182024074376
              ], 
              [
                34.733181735776846, 
                45.72589707774972
              ], 
              [
                34.73317700746919, 
                45.72581403541656
              ], 
              [
                34.7331063949882, 
                45.72567994313601
              ], 
              [
                34.732759450123986, 
                45.72505104181338
              ], 
              [
                34.73235199930761, 
                45.72466399671652
              ], 
              [
                34.731833003295, 
                45.72444801088288
              ]
            ]
          ], 
          [
            [
              [
                34.739758996792766, 
                45.73000398479631
              ], 
              [
                34.73913356427661, 
                45.72982312653242
              ], 
              [
                34.73882199368347, 
                45.72973296531545
              ], 
              [
                34.737489997703946, 
                45.72936198811483
              ], 
              [
                34.737155422338226, 
                45.7292314917888
              ], 
              [
                34.73688000801681, 
                45.729124033265656
              ], 
              [
                34.73674051158554, 
                45.72908224384854
              ], 
              [
                34.736090996524716, 
                45.72888799200545
              ], 
              [
                34.73564800883286, 
                45.72887903713575
              ], 
              [
                34.73537099619832, 
                45.728951977234686
              ], 
              [
                34.735078007016455, 
                45.729124033265656
              ], 
              [
                34.734867993265766, 
                45.729411967072
              ], 
              [
                34.73491999799094, 
                45.72961900095681
              ], 
              [
                34.735152000317726, 
                45.72984700624729
              ], 
              [
                34.73539899502601, 
                45.729960970677176
              ], 
              [
                34.736005998254214, 
                45.72995699072336
              ], 
              [
                34.73702199621686, 
                45.72997398206498
              ], 
              [
                34.73797400544511, 
                45.730118025812885
              ], 
              [
                34.73847210917398, 
                45.7302482163056
              ], 
              [
                34.73881507023374, 
                45.730337841886374
              ], 
              [
                34.73896100720979, 
                45.73037603417728
              ], 
              [
                34.73955861356795, 
                45.730586359730715
              ], 
              [
                34.73988199509947, 
                45.73069297676976
              ], 
              [
                34.74007899771823, 
                45.73070598818368
              ], 
              [
                34.740226006641265, 
                45.73066703048097
              ], 
              [
                34.740404999855045, 
                45.730550999312584
              ], 
              [
                34.74040300403911, 
                45.73037901914608
              ], 
              [
                34.740336000887794, 
                45.7302759994679
              ], 
              [
                34.740105008770655, 
                45.73011603583511
              ], 
              [
                34.739758996792766, 
                45.73000398479631
              ]
            ]
          ], 
          [
            [
              [
                34.74632899997111, 
                45.73061199986289
              ], 
              [
                34.74630399605668, 
                45.730355981310616
              ], 
              [
                34.74596410403776, 
                45.730176806699774
              ], 
              [
                34.74550500381069, 
                45.730089018061
              ], 
              [
                34.74511609146209, 
                45.73007600666906
              ], 
              [
                34.744876993717156, 
                45.73006797022135
              ], 
              [
                34.74473634902139, 
                45.730071797101175
              ], 
              [
                34.744062003964245, 
                45.7300900130498
              ], 
              [
                34.743693000849746, 
                45.73009200302744
              ], 
              [
                34.743234002386444, 
                45.7300600103114
              ], 
              [
                34.74280700757617, 
                45.72999403491065
              ], 
              [
                34.742459217172076, 
                45.729935177515635
              ], 
              [
                34.742216000064595, 
                45.72989400030606
              ], 
              [
                34.74160799396879, 
                45.72974796667089
              ], 
              [
                34.74113199571269, 
                45.72966997493686
              ], 
              [
                34.74088600508567, 
                45.72970602410724
              ], 
              [
                34.74066600541404, 
                45.729829019923436
              ], 
              [
                34.74061900036846, 
                45.72995500074644
              ], 
              [
                34.74062099404927, 
                45.73014496705154
              ], 
              [
                34.74069700781148, 
                45.73030003228769
              ], 
              [
                34.74094499408261, 
                45.73046497095035
              ], 
              [
                34.74119199888022, 
                45.73056699569178
              ], 
              [
                34.74156140660886, 
                45.73061858210603
              ], 
              [
                34.74236400102805, 
                45.73061100487264
              ], 
              [
                34.74282615231256, 
                45.73060870874133
              ], 
              [
                34.74297000419889, 
                45.73060801990196
              ], 
              [
                34.7437820029662, 
                45.73065501405879
              ], 
              [
                34.744405992727735, 
                45.73072596453184
              ], 
              [
                34.74455265541599, 
                45.73073889940924
              ], 
              [
                34.74473208643961, 
                45.73075458964571
              ], 
              [
                34.74489599651465, 
                45.73076897874122
              ], 
              [
                34.7454069980322, 
                45.73088998493395
              ], 
              [
                34.74560237861391, 
                45.7308888368674
              ], 
              [
                34.7459020009918, 
                45.730886999960944
              ], 
              [
                34.746212000715474, 
                45.730749002390695
              ], 
              [
                34.74632899997111, 
                45.73061199986289
              ]
            ]
          ], 
          [
            [
              [
                34.78039899304369, 
                45.73245296606464
              ], 
              [
                34.77972768049275, 
                45.73225082900623
              ], 
              [
                34.77929499400512, 
                45.73214696688085
              ], 
              [
                34.77903700436592, 
                45.73213701693672
              ], 
              [
                34.778803007055764, 
                45.73214903340773
              ], 
              [
                34.77859300599859, 
                45.73215002840218
              ], 
              [
                34.778408503955035, 
                45.732039737112586
              ], 
              [
                34.77817500254736, 
                45.731879007326306
              ], 
              [
                34.777821993487066, 
                45.73173297289618
              ], 
              [
                34.777494003636804, 
                45.73166301722027
              ], 
              [
                34.77723600152199, 
                45.7316650072065
              ], 
              [
                34.777025993611765, 
                45.73170396501581
              ], 
              [
                34.77688285663299, 
                45.731883676142886
              ], 
              [
                34.77669400518751, 
                45.73195202456328
              ], 
              [
                34.776304000595914, 
                45.73194199808648
              ], 
              [
                34.77573200385703, 
                45.73177001726388
              ], 
              [
                34.775237883693485, 
                45.731726161019054
              ], 
              [
                34.775106235146566, 
                45.73172508948781
              ], 
              [
                34.774546994985535, 
                45.73182497151881
              ], 
              [
                34.7737999997613, 
                45.73200299886946
              ], 
              [
                34.77344900318145, 
                45.73201601033014
              ], 
              [
                34.773059003589395, 
                45.73196901599789
              ], 
              [
                34.77249499978727, 
                45.73183499799239
              ], 
              [
                34.77210575961337, 
                45.73170113311206
              ], 
              [
                34.771899006202446, 
                45.7316300293734
              ], 
              [
                34.771328992003504, 
                45.73156696212918
              ], 
              [
                34.77025299599094, 
                45.731593980012825
              ], 
              [
                34.769355003180365, 
                45.73158701506245
              ], 
              [
                34.768491697094845, 
                45.73155310876756
              ], 
              [
                34.768106007714046, 
                45.73153803079996
              ], 
              [
                34.767543996839045, 
                45.73148598502824
              ], 
              [
                34.76719200817486, 
                45.73140003298328
              ], 
              [
                34.767057996889626, 
                45.73133497579445
              ], 
              [
                34.76693999723315, 
                45.73122598589467
              ], 
              [
                34.76689900723573, 
                45.73107903327239
              ], 
              [
                34.766897008225726, 
                45.7309260342249
              ], 
              [
                34.76679399322507, 
                45.73081696790962
              ], 
              [
                34.76622999920725, 
                45.730627996244756
              ], 
              [
                34.7654780364566, 
                45.730393331689115
              ], 
              [
                34.76536799288118, 
                45.73035896627924
              ], 
              [
                34.765015006653265, 
                45.730240026778816
              ], 
              [
                34.7648050045954, 
                45.73024102176804
              ], 
              [
                34.76473765588951, 
                45.7303467967919
              ], 
              [
                34.764862993102234, 
                45.73048096732578
              ], 
              [
                34.76535100298092, 
                45.73082400938302
              ], 
              [
                34.76553300048987, 
                45.73102499758346
              ], 
              [
                34.76558008719986, 
                45.73118787005258
              ], 
              [
                34.76563099754729, 
                45.73136398364544
              ], 
              [
                34.765856005469885, 
                45.73186002590859
              ], 
              [
                34.76617199567893, 
                45.73217597479645
              ], 
              [
                34.76660399340165, 
                45.732375968747085
              ], 
              [
                34.766903914717744, 
                45.732429162717196
              ], 
              [
                34.767260941974584, 
                45.73249245972486
              ], 
              [
                34.768735004641684, 
                45.73250302198356
              ], 
              [
                34.7696651094967, 
                45.73244799108836
              ], 
              [
                34.769898019738065, 
                45.732434214231304
              ], 
              [
                34.7703410080669, 
                45.7324080382044
              ], 
              [
                34.77188599348292, 
                45.732421968136606
              ], 
              [
                34.7734303865039, 
                45.732415079708524
              ], 
              [
                34.77581899811806, 
                45.73244799108836
              ], 
              [
                34.77747400547483, 
                45.732533024922965
              ], 
              [
                34.77849000060888, 
                45.732675998147776
              ], 
              [
                34.77952299442989, 
                45.73287897736194
              ], 
              [
                34.781156994754824, 
                45.73315497416706
              ], 
              [
                34.781372175395454, 
                45.73316063799718
              ], 
              [
                34.78168799591624, 
                45.73316898066606
              ], 
              [
                34.7819450078039, 
                45.7331130312115
              ], 
              [
                34.78201673713179, 
                45.73299631042077
              ], 
              [
                34.781980006160424, 
                45.73283902443077
              ], 
              [
                34.78176800714182, 
                45.73273102907741
              ], 
              [
                34.781447719680685, 
                45.732658088222536
              ], 
              [
                34.78129800607294, 
                45.73262402875176
              ], 
              [
                34.78039899304369, 
                45.73245296606464
              ]
            ]
          ], 
          [
            [
              [
                34.761858996927344, 
                45.733474980707655
              ], 
              [
                34.76358400866632, 
                45.732959036313844
              ], 
              [
                34.76426461121347, 
                45.732745571327236
              ], 
              [
                34.76454745194307, 
                45.732656940150434
              ], 
              [
                34.76459321493836, 
                45.73252958070787
              ], 
              [
